,PC1,PC2,center
0,151700.0,351102.0,center3
1,155799.0,354358.0,center3
2,142857.0,352716.0,center3
3,152726.0,349144.0,center3
4,151008.0,349692.0,center3
5,145865.0,351895.0,center3
6,148629.0,350242.0,center3
7,151083.0,353684.0,center3
8,161316.0,348971.0,center3
9,158758.0,352360.0,center3
10,145731.0,350480.0,center3
11,159597.0,355339.0,center3
12,152294.0,345996.0,center3
13,149801.0,349982.0,center3
14,152260.0,350394.0,center3
15,149352.0,342567.0,center3
16,149607.0,353888.0,center3
17,154711.0,359310.0,center3
18,154456.0,349715.0,center3
19,154482.0,351351.0,center3
20,152123.0,348751.0,center3
21,146182.0,350827.0,center3
22,152268.0,349032.0,center3
23,155155.0,350195.0,center3
24,151546.0,355246.0,center3
25,153272.0,347661.0,center3
26,152299.0,348418.0,center3
27,149040.0,349665.0,center3
28,150929.0,349676.0,center3
29,147510.0,354280.0,center3
30,152809.0,356672.0,center3
31,146373.0,346559.0,center3
32,146620.0,347645.0,center3
33,147440.0,351382.0,center3
34,140689.0,347871.0,center3
35,154549.0,356725.0,center3
36,151028.0,355250.0,center3
37,147613.0,351520.0,center3
38,154333.0,352207.0,center3
39,144588.0,348394.0,center3
40,149677.0,352370.0,center3
41,149236.0,353471.0,center3
42,151009.0,350546.0,center3
43,150989.0,356166.0,center3
44,147265.0,351837.0,center3
45,149905.0,349644.0,center3
46,149479.0,351115.0,center3
47,151985.0,353649.0,center3
48,153457.0,349093.0,center3
49,153508.0,350082.0,center3
50,147269.0,357194.0,center3
51,150245.0,348533.0,center3
52,146161.0,352594.0,center3
53,146479.0,352222.0,center3
54,149978.0,354997.0,center3
55,154847.0,352140.0,center3
56,147566.0,342000.0,center3
57,151174.0,347435.0,center3
58,149287.0,351539.0,center3
59,153533.0,351164.0,center3
60,146556.0,355830.0,center3
61,150103.0,354435.0,center3
62,151747.0,351738.0,center3
63,153480.0,350609.0,center3
64,154883.0,345616.0,center3
65,150272.0,355889.0,center3
66,145283.0,349950.0,center3
67,147653.0,344901.0,center3
68,146643.0,351028.0,center3
69,157433.0,351067.0,center3
70,148053.0,348011.0,center3
71,152366.0,351788.0,center3
72,149392.0,347713.0,center3
73,152810.0,346040.0,center3
74,147581.0,344238.0,center3
75,145566.0,348412.0,center3
76,145502.0,347577.0,center3
77,151544.0,351539.0,center3
78,149439.0,345216.0,center3
79,149380.0,349283.0,center3
80,154488.0,345713.0,center3
81,150922.0,355786.0,center3
82,150626.0,349695.0,center3
83,155021.0,354360.0,center3
84,147456.0,351303.0,center3
85,152203.0,353079.0,center3
86,152641.0,346632.0,center3
87,149229.0,353880.0,center3
88,150682.0,354638.0,center3
89,146313.0,343097.0,center3
90,146370.0,349082.0,center3
91,150332.0,347981.0,center3
92,152284.0,350721.0,center3
93,158176.0,348142.0,center3
94,147891.0,350667.0,center3
95,150592.0,351938.0,center3
96,149739.0,350744.0,center3
97,143887.0,349016.0,center3
98,148612.0,345804.0,center3
99,144325.0,349614.0,center3
100,152658.0,348627.0,center3
101,147192.0,345695.0,center3
102,150317.0,349855.0,center3
103,148278.0,349168.0,center3
104,150960.0,350700.0,center3
105,148102.0,352932.0,center3
106,151549.0,351968.0,center3
107,152338.0,354342.0,center3
108,155413.0,348247.0,center3
109,149386.0,347218.0,center3
110,143238.0,349025.0,center3
111,147345.0,354087.0,center3
112,154284.0,354530.0,center3
113,146610.0,349265.0,center3
114,153039.0,348426.0,center3
115,150392.0,345255.0,center3
116,154543.0,352568.0,center3
117,143799.0,349452.0,center3
118,149375.0,346232.0,center3
119,146180.0,348565.0,center3
120,159196.0,345163.0,center3
121,152610.0,351614.0,center3
122,154361.0,349889.0,center3
123,146654.0,354798.0,center3
124,148518.0,345574.0,center3
125,149138.0,352967.0,center3
126,153474.0,350799.0,center3
127,149121.0,350172.0,center3
128,152218.0,352477.0,center3
129,143512.0,353106.0,center3
130,148881.0,346518.0,center3
131,147396.0,353889.0,center3
132,145013.0,345694.0,center3
133,151606.0,346781.0,center3
134,150892.0,347973.0,center3
135,150106.0,352328.0,center3
136,145783.0,346212.0,center3
137,153565.0,351410.0,center3
138,151107.0,351407.0,center3
139,149054.0,350390.0,center3
140,150072.0,351752.0,center3
141,149171.0,346227.0,center3
142,144465.0,352617.0,center3
143,149097.0,350267.0,center3
144,147371.0,352034.0,center3
145,146903.0,346596.0,center3
146,146343.0,349798.0,center3
147,148313.0,352593.0,center3
148,143667.0,352558.0,center3
149,153049.0,350040.0,center3
150,151645.0,344332.0,center3
151,149937.0,346543.0,center3
152,149890.0,350677.0,center3
153,147476.0,352247.0,center3
154,153221.0,351779.0,center3
155,149579.0,348030.0,center3
156,147740.0,356836.0,center3
157,154273.0,350655.0,center3
158,149289.0,352652.0,center3
159,148137.0,348506.0,center3
160,149071.0,346399.0,center3
161,147319.0,351888.0,center3
162,146458.0,352911.0,center3
163,157988.0,356532.0,center3
164,155235.0,348859.0,center3
165,150973.0,344975.0,center3
166,146025.0,354691.0,center3
167,147263.0,350557.0,center3
168,149442.0,346398.0,center3
169,152503.0,348491.0,center3
170,145788.0,347034.0,center3
171,142632.0,352916.0,center3
172,145418.0,351405.0,center3
173,151055.0,350869.0,center3
174,151238.0,350880.0,center3
175,151428.0,347558.0,center3
176,149588.0,353084.0,center3
177,150581.0,351148.0,center3
178,148494.0,349028.0,center3
179,152726.0,349691.0,center3
180,145694.0,349249.0,center3
181,151439.0,347353.0,center3
182,147316.0,352064.0,center3
183,148941.0,354275.0,center3
184,151748.0,357959.0,center3
185,153286.0,351914.0,center3
186,146466.0,347059.0,center3
187,153987.0,351031.0,center3
188,152088.0,347040.0,center3
189,149785.0,348049.0,center3
190,149383.0,347865.0,center3
191,149312.0,347309.0,center3
192,149041.0,351094.0,center3
193,150073.0,346498.0,center3
194,150162.0,352116.0,center3
195,152612.0,352764.0,center3
196,154829.0,353747.0,center3
197,151477.0,350083.0,center3
198,149337.0,351881.0,center3
199,151977.0,355871.0,center3
200,150579.0,350225.0,center3
201,146744.0,349115.0,center3
202,153002.0,355877.0,center3
203,150971.0,342203.0,center3
204,150427.0,348606.0,center3
205,151629.0,357810.0,center3
206,150827.0,348599.0,center3
207,147023.0,347939.0,center3
208,149487.0,346090.0,center3
209,149538.0,352449.0,center3
210,148318.0,343193.0,center3
211,155319.0,348017.0,center3
212,147231.0,351507.0,center3
213,148470.0,349842.0,center3
214,147748.0,351738.0,center3
215,146287.0,350027.0,center3
216,149392.0,352082.0,center3
217,149133.0,345863.0,center3
218,154839.0,351170.0,center3
219,149213.0,344992.0,center3
220,146635.0,352128.0,center3
221,155071.0,349530.0,center3
222,153904.0,352452.0,center3
223,149274.0,348236.0,center3
224,145237.0,350558.0,center3
225,148594.0,353176.0,center3
226,149507.0,343722.0,center3
227,150873.0,344212.0,center3
228,149174.0,344152.0,center3
229,151402.0,352810.0,center3
230,151239.0,351399.0,center3
231,146045.0,347394.0,center3
232,147002.0,354417.0,center3
233,147656.0,350199.0,center3
234,148394.0,344847.0,center3
235,148986.0,346692.0,center3
236,150039.0,345645.0,center3
237,140421.0,352047.0,center3
238,148555.0,347964.0,center3
239,153929.0,346706.0,center3
240,146627.0,347847.0,center3
241,152953.0,347664.0,center3
242,151108.0,352795.0,center3
243,149908.0,351493.0,center3
244,150577.0,351009.0,center3
245,145051.0,350813.0,center3
246,149733.0,350108.0,center3
247,155072.0,347522.0,center3
248,150311.0,351735.0,center3
249,150131.0,347429.0,center3
250,147678.0,346395.0,center3
251,149903.0,346611.0,center3
252,150735.0,352809.0,center3
253,151348.0,353222.0,center3
254,148821.0,344348.0,center3
255,149252.0,349459.0,center3
256,156399.0,351433.0,center3
257,142858.0,347365.0,center3
258,157050.0,353099.0,center3
259,151067.0,350907.0,center3
260,153162.0,349835.0,center3
261,144737.0,347720.0,center3
262,148134.0,351944.0,center3
263,149121.0,352584.0,center3
264,151337.0,351610.0,center3
265,144718.0,348717.0,center3
266,151491.0,353047.0,center3
267,146165.0,346763.0,center3
268,150209.0,350475.0,center3
269,152063.0,354600.0,center3
270,151034.0,349507.0,center3
271,153424.0,347687.0,center3
272,153181.0,356433.0,center3
273,147942.0,349017.0,center3
274,150813.0,351471.0,center3
275,147014.0,347173.0,center3
276,145820.0,350487.0,center3
277,152925.0,351762.0,center3
278,150000.0,350014.0,center3
279,149826.0,351009.0,center3
280,152881.0,354078.0,center3
281,151880.0,345770.0,center3
282,151107.0,350758.0,center3
283,153954.0,344130.0,center3
284,152940.0,350383.0,center3
285,150758.0,356150.0,center3
286,147817.0,352743.0,center3
287,147940.0,349772.0,center3
288,153770.0,349313.0,center3
289,144903.0,351152.0,center3
290,149923.0,353318.0,center3
291,143837.0,349430.0,center3
292,153227.0,355403.0,center3
293,152725.0,347705.0,center3
294,150004.0,343715.0,center3
295,149776.0,347623.0,center3
296,142138.0,348587.0,center3
297,151838.0,349011.0,center3
298,143067.0,346641.0,center3
299,142666.0,353474.0,center3
300,150253.0,344940.0,center3
301,147001.0,348153.0,center3
302,151301.0,347080.0,center3
303,152141.0,348722.0,center3
304,152712.0,348175.0,center3
305,147814.0,351287.0,center3
306,151421.0,346866.0,center3
307,150318.0,347450.0,center3
308,152612.0,350579.0,center3
309,151695.0,353580.0,center3
310,152839.0,344449.0,center3
311,149583.0,355621.0,center3
312,149535.0,347190.0,center3
313,153187.0,352357.0,center3
314,143284.0,352631.0,center3
315,148404.0,354003.0,center3
316,145982.0,347970.0,center3
317,148790.0,349956.0,center3
318,152051.0,349694.0,center3
319,152611.0,348355.0,center3
320,146790.0,350534.0,center3
321,148510.0,350979.0,center3
322,150433.0,348935.0,center3
323,149077.0,350324.0,center3
324,150954.0,358508.0,center3
325,151265.0,350103.0,center3
326,147059.0,351941.0,center3
327,149441.0,348489.0,center3
328,143258.0,347665.0,center3
329,153622.0,349274.0,center3
330,148011.0,351577.0,center3
331,146193.0,347097.0,center3
332,149197.0,344090.0,center3
333,145482.0,349716.0,center3
334,149934.0,348620.0,center3
335,148227.0,350704.0,center3
336,156887.0,350955.0,center3
337,153600.0,352654.0,center3
338,142104.0,352045.0,center3
339,151396.0,345969.0,center3
340,145579.0,344761.0,center3
341,149193.0,351500.0,center3
342,150520.0,351016.0,center3
343,152365.0,347281.0,center3
344,149137.0,353807.0,center3
345,154985.0,350602.0,center3
346,148479.0,350237.0,center3
347,151036.0,350965.0,center3
348,152102.0,352583.0,center3
349,150269.0,354824.0,center3
350,152786.0,349454.0,center3
351,151022.0,344657.0,center3
352,147520.0,352941.0,center3
353,144291.0,346510.0,center3
354,155877.0,354501.0,center3
355,148088.0,347954.0,center3
356,150327.0,354726.0,center3
357,151781.0,347642.0,center3
358,150359.0,346535.0,center3
359,147139.0,352725.0,center3
360,148521.0,345563.0,center3
361,149605.0,352102.0,center3
362,154677.0,351845.0,center3
363,147278.0,349277.0,center3
364,152481.0,349174.0,center3
365,150976.0,356572.0,center3
366,149260.0,348748.0,center3
367,146658.0,349067.0,center3
368,149101.0,346956.0,center3
369,149726.0,347413.0,center3
370,145353.0,347699.0,center3
371,150608.0,355440.0,center3
372,147400.0,348512.0,center3
373,149702.0,347799.0,center3
374,151063.0,348696.0,center3
375,147139.0,351962.0,center3
376,149088.0,345769.0,center3
377,151107.0,352084.0,center3
378,144195.0,345231.0,center3
379,153276.0,349916.0,center3
380,157667.0,345018.0,center3
381,153034.0,351990.0,center3
382,149001.0,352080.0,center3
383,151355.0,347972.0,center3
384,146724.0,350672.0,center3
385,155938.0,351106.0,center3
386,152975.0,353945.0,center3
387,152490.0,350653.0,center3
388,147230.0,352994.0,center3
389,151012.0,349734.0,center3
390,148235.0,347784.0,center3
391,149015.0,349782.0,center3
392,148197.0,349193.0,center3
393,146756.0,352450.0,center3
394,147126.0,349536.0,center3
395,149336.0,347287.0,center3
396,144628.0,348976.0,center3
397,151921.0,353932.0,center3
398,149627.0,348657.0,center3
399,152211.0,348149.0,center3
400,150853.0,353181.0,center3
401,151563.0,350475.0,center3
402,145310.0,348390.0,center3
403,146774.0,347353.0,center3
404,148586.0,345202.0,center3
405,150347.0,350517.0,center3
406,153569.0,349359.0,center3
407,149083.0,350912.0,center3
408,153989.0,345816.0,center3
409,151503.0,354309.0,center3
410,153713.0,351904.0,center3
411,150401.0,345111.0,center3
412,147923.0,353118.0,center3
413,145315.0,347683.0,center3
414,150492.0,351000.0,center3
415,152588.0,350949.0,center3
416,149075.0,347144.0,center3
417,148290.0,340826.0,center3
418,149024.0,351587.0,center3
419,146532.0,348577.0,center3
420,148441.0,347963.0,center3
421,149428.0,351261.0,center3
422,150145.0,347844.0,center3
423,149798.0,352092.0,center3
424,151933.0,350668.0,center3
425,150346.0,346915.0,center3
426,155736.0,353207.0,center3
427,150987.0,351592.0,center3
428,155706.0,354510.0,center3
429,147713.0,346963.0,center3
430,151665.0,347350.0,center3
431,149177.0,350904.0,center3
432,151898.0,352289.0,center3
433,151878.0,352793.0,center3
434,143087.0,349329.0,center3
435,145804.0,348838.0,center3
436,145443.0,351598.0,center3
437,151271.0,356308.0,center3
438,154649.0,353248.0,center3
439,148967.0,350163.0,center3
440,152569.0,348449.0,center3
441,151725.0,351745.0,center3
442,146674.0,348144.0,center3
443,151257.0,350876.0,center3
444,147622.0,352211.0,center3
445,154795.0,353388.0,center3
446,149897.0,351840.0,center3
447,155173.0,354853.0,center3
448,148656.0,355690.0,center3
449,151864.0,344216.0,center3
450,149801.0,344384.0,center3
451,143606.0,346458.0,center3
452,146894.0,343403.0,center3
453,151937.0,349070.0,center3
454,149826.0,348924.0,center3
455,146462.0,350434.0,center3
456,148019.0,350702.0,center3
457,150789.0,347920.0,center3
458,146860.0,347127.0,center3
459,153083.0,352805.0,center3
460,147974.0,348596.0,center3
461,155720.0,346258.0,center3
462,146585.0,349691.0,center3
463,150630.0,350705.0,center3
464,145190.0,348226.0,center3
465,147712.0,351859.0,center3
466,148124.0,350523.0,center3
467,151269.0,349457.0,center3
468,152979.0,350159.0,center3
469,150950.0,351537.0,center3
470,148820.0,348493.0,center3
471,152579.0,346939.0,center3
472,152526.0,349763.0,center3
473,150380.0,350444.0,center3
474,151806.0,351784.0,center3
475,151305.0,350036.0,center3
476,146879.0,348249.0,center3
477,152402.0,352117.0,center3
478,147922.0,349435.0,center3
479,148090.0,352348.0,center3
480,150560.0,349773.0,center3
481,149028.0,349883.0,center3
482,149583.0,349669.0,center3
483,151883.0,347290.0,center3
484,153310.0,347414.0,center3
485,149374.0,346913.0,center3
486,151036.0,355719.0,center3
487,149246.0,349295.0,center3
488,150726.0,353032.0,center3
489,151391.0,351238.0,center3
490,148049.0,355655.0,center3
491,150869.0,353004.0,center3
492,151901.0,346330.0,center3
493,150292.0,349000.0,center3
494,155470.0,353353.0,center3
495,148076.0,350714.0,center3
496,147669.0,356894.0,center3
497,144466.0,349296.0,center3
498,152879.0,345405.0,center3
499,152742.0,351671.0,center3
500,149747.0,347106.0,center3
501,152841.0,350440.0,center3
502,150581.0,353450.0,center3
503,150920.0,351062.0,center3
504,150357.0,350979.0,center3
505,151391.0,349519.0,center3
506,150321.0,349571.0,center3
507,158814.0,350557.0,center3
508,146311.0,340824.0,center3
509,144136.0,350651.0,center3
510,146393.0,352755.0,center3
511,146543.0,345571.0,center3
512,148629.0,345074.0,center3
513,149467.0,351901.0,center3
514,149309.0,345188.0,center3
515,151712.0,344887.0,center3
516,151231.0,352606.0,center3
517,152376.0,348179.0,center3
518,155623.0,354479.0,center3
519,153868.0,346321.0,center3
520,145942.0,347661.0,center3
521,142635.0,350024.0,center3
522,152852.0,352014.0,center3
523,144195.0,350891.0,center3
524,150211.0,350624.0,center3
525,150112.0,349288.0,center3
526,157043.0,348882.0,center3
527,149781.0,351490.0,center3
528,148396.0,348622.0,center3
529,150746.0,351401.0,center3
530,150777.0,353500.0,center3
531,150222.0,342945.0,center3
532,148075.0,355485.0,center3
533,146134.0,347625.0,center3
534,151001.0,354242.0,center3
535,145753.0,354457.0,center3
536,146736.0,345052.0,center3
537,154210.0,350978.0,center3
538,148675.0,360774.0,center3
539,149556.0,349280.0,center3
540,152845.0,351815.0,center3
541,149051.0,350946.0,center3
542,153255.0,354315.0,center3
543,148909.0,353322.0,center3
544,153203.0,347342.0,center3
545,151990.0,348819.0,center3
546,149326.0,351013.0,center3
547,147262.0,349542.0,center3
548,146701.0,357646.0,center3
549,149146.0,351295.0,center3
550,148614.0,351238.0,center3
551,148708.0,347235.0,center3
552,153110.0,346197.0,center3
553,149059.0,352405.0,center3
554,153617.0,349741.0,center3
555,148319.0,351874.0,center3
556,153076.0,347691.0,center3
557,148348.0,352654.0,center3
558,150558.0,344350.0,center3
559,153070.0,355236.0,center3
560,148691.0,352533.0,center3
561,148614.0,350208.0,center3
562,156335.0,346980.0,center3
563,153007.0,349050.0,center3
564,148634.0,350664.0,center3
565,152052.0,354005.0,center3
566,148861.0,346634.0,center3
567,152232.0,354298.0,center3
568,154477.0,359157.0,center3
569,144926.0,347934.0,center3
570,153254.0,351800.0,center3
571,154610.0,348393.0,center3
572,150150.0,344613.0,center3
573,155522.0,355179.0,center3
574,150491.0,352233.0,center3
575,146088.0,348002.0,center3
576,143064.0,349663.0,center3
577,148946.0,349171.0,center3
578,152256.0,345626.0,center3
579,151004.0,341031.0,center3
580,151308.0,349981.0,center3
581,148175.0,348362.0,center3
582,150455.0,348231.0,center3
583,144818.0,346820.0,center3
584,147596.0,344042.0,center3
585,147411.0,348099.0,center3
586,151644.0,350672.0,center3
587,149955.0,346655.0,center3
588,146346.0,351052.0,center3
589,149970.0,349139.0,center3
590,147819.0,349463.0,center3
591,147892.0,345293.0,center3
592,152733.0,347868.0,center3
593,150359.0,351326.0,center3
594,151260.0,347641.0,center3
595,152795.0,350788.0,center3
596,150570.0,356280.0,center3
597,151742.0,352676.0,center3
598,152160.0,353480.0,center3
599,153702.0,357797.0,center3
600,151505.0,353849.0,center3
601,154466.0,351698.0,center3
602,150071.0,356147.0,center3
603,149849.0,347138.0,center3
604,155380.0,348392.0,center3
605,148388.0,356189.0,center3
606,149991.0,351429.0,center3
607,152909.0,350158.0,center3
608,150474.0,351489.0,center3
609,154443.0,349613.0,center3
610,153270.0,349408.0,center3
611,150922.0,348875.0,center3
612,147541.0,348011.0,center3
613,151792.0,347210.0,center3
614,145628.0,349374.0,center3
615,150773.0,348269.0,center3
616,152557.0,354792.0,center3
617,150674.0,350808.0,center3
618,152782.0,353492.0,center3
619,156447.0,350205.0,center3
620,152922.0,350036.0,center3
621,150844.0,354043.0,center3
622,152029.0,354824.0,center3
623,151346.0,350238.0,center3
624,145842.0,354910.0,center3
625,148683.0,351365.0,center3
626,153873.0,351547.0,center3
627,149862.0,356883.0,center3
628,151842.0,355016.0,center3
629,146817.0,352536.0,center3
630,150204.0,351286.0,center3
631,151898.0,348496.0,center3
632,145695.0,349207.0,center3
633,151099.0,355843.0,center3
634,149425.0,343582.0,center3
635,147029.0,347699.0,center3
636,149881.0,349394.0,center3
637,144003.0,349867.0,center3
638,143271.0,343714.0,center3
639,146278.0,351292.0,center3
640,146868.0,351983.0,center3
641,146291.0,346671.0,center3
642,144544.0,348639.0,center3
643,150911.0,346273.0,center3
644,144959.0,354607.0,center3
645,150349.0,351210.0,center3
646,152489.0,349459.0,center3
647,149993.0,347087.0,center3
648,150294.0,350340.0,center3
649,148804.0,355180.0,center3
650,145311.0,350397.0,center3
651,149861.0,351098.0,center3
652,153038.0,346527.0,center3
653,155497.0,351072.0,center3
654,148640.0,352306.0,center3
655,144854.0,345139.0,center3
656,150526.0,353603.0,center3
657,151190.0,357876.0,center3
658,149282.0,345026.0,center3
659,146367.0,343134.0,center3
660,156402.0,350412.0,center3
661,142539.0,351642.0,center3
662,148387.0,349582.0,center3
663,145821.0,349083.0,center3
664,147988.0,349819.0,center3
665,151005.0,346751.0,center3
666,150437.0,344871.0,center3
667,147752.0,354751.0,center3
668,152457.0,351166.0,center3
669,151968.0,346460.0,center3
670,152047.0,353590.0,center3
671,148654.0,345783.0,center3
672,153316.0,349948.0,center3
673,152089.0,352540.0,center3
674,157933.0,348148.0,center3
675,153363.0,349237.0,center3
676,153659.0,350459.0,center3
677,150168.0,356160.0,center3
678,145926.0,351037.0,center3
679,148826.0,348626.0,center3
680,147604.0,349051.0,center3
681,148217.0,348940.0,center3
682,151756.0,354287.0,center3
683,148239.0,348929.0,center3
684,147169.0,347226.0,center3
685,148706.0,350628.0,center3
686,149491.0,349651.0,center3
687,151294.0,352625.0,center3
688,146988.0,352718.0,center3
689,151003.0,353521.0,center3
690,150247.0,352061.0,center3
691,154188.0,352409.0,center3
692,149326.0,355921.0,center3
693,149575.0,346308.0,center3
694,146296.0,348537.0,center3
695,145619.0,344229.0,center3
696,150982.0,352991.0,center3
697,149211.0,349989.0,center3
698,151593.0,349217.0,center3
699,147177.0,344303.0,center3
700,156035.0,351181.0,center3
701,150387.0,349221.0,center3
702,153311.0,346068.0,center3
703,149282.0,346286.0,center3
704,149486.0,347551.0,center3
705,152182.0,349431.0,center3
706,151757.0,344988.0,center3
707,146457.0,349073.0,center3
708,145153.0,351453.0,center3
709,146528.0,348468.0,center3
710,145523.0,347356.0,center3
711,150188.0,350976.0,center3
712,148700.0,353334.0,center3
713,148836.0,348478.0,center3
714,145696.0,348101.0,center3
715,152465.0,345729.0,center3
716,151390.0,347063.0,center3
717,149717.0,351878.0,center3
718,153229.0,349965.0,center3
719,147236.0,352129.0,center3
720,151311.0,352239.0,center3
721,151102.0,351293.0,center3
722,151104.0,352523.0,center3
723,147694.0,354563.0,center3
724,151034.0,351918.0,center3
725,148372.0,351177.0,center3
726,147165.0,349581.0,center3
727,146195.0,345711.0,center3
728,153282.0,348739.0,center3
729,147325.0,350758.0,center3
730,149453.0,346448.0,center3
731,146178.0,351091.0,center3
732,149060.0,350921.0,center3
733,139779.0,349293.0,center3
734,146563.0,350605.0,center3
735,145489.0,349624.0,center3
736,146792.0,349610.0,center3
737,149326.0,349905.0,center3
738,148971.0,352822.0,center3
739,156149.0,350330.0,center3
740,148192.0,341509.0,center3
741,149209.0,348391.0,center3
742,145037.0,350120.0,center3
743,148490.0,352869.0,center3
744,145769.0,353920.0,center3
745,150096.0,347047.0,center3
746,152698.0,352664.0,center3
747,151278.0,350876.0,center3
748,147784.0,349123.0,center3
749,144844.0,349562.0,center3
750,154617.0,350373.0,center3
751,156483.0,351090.0,center3
752,150381.0,350786.0,center3
753,146870.0,347574.0,center3
754,153788.0,347091.0,center3
755,148126.0,352851.0,center3
756,148514.0,349160.0,center3
757,152803.0,354731.0,center3
758,145620.0,346654.0,center3
759,143812.0,347512.0,center3
760,151330.0,354605.0,center3
761,151267.0,354556.0,center3
762,150301.0,346792.0,center3
763,151571.0,350807.0,center3
764,153422.0,354562.0,center3
765,153069.0,354500.0,center3
766,148202.0,345777.0,center3
767,152561.0,355348.0,center3
768,150548.0,352137.0,center3
769,148401.0,350555.0,center3
770,146226.0,348913.0,center3
771,152046.0,347165.0,center3
772,148882.0,350187.0,center3
773,150147.0,349207.0,center3
774,147492.0,357018.0,center3
775,145097.0,350108.0,center3
776,150543.0,349509.0,center3
777,149803.0,349936.0,center3
778,153792.0,348451.0,center3
779,152535.0,356772.0,center3
780,153331.0,352337.0,center3
781,147632.0,349999.0,center3
782,147039.0,353238.0,center3
783,145987.0,349494.0,center3
784,151575.0,349850.0,center3
785,158820.0,349131.0,center3
786,152301.0,348293.0,center3
787,147555.0,354804.0,center3
788,152646.0,352683.0,center3
789,146432.0,349917.0,center3
790,145495.0,354912.0,center3
791,152269.0,350301.0,center3
792,147540.0,350667.0,center3
793,150999.0,345632.0,center3
794,154448.0,351940.0,center3
795,151268.0,345573.0,center3
796,152940.0,347184.0,center3
797,144922.0,352479.0,center3
798,152092.0,351314.0,center3
799,156763.0,347932.0,center3
800,151711.0,348918.0,center3
801,145127.0,350320.0,center3
802,149358.0,350628.0,center3
803,148419.0,344457.0,center3
804,151211.0,346327.0,center3
805,151303.0,344552.0,center3
806,151282.0,349900.0,center3
807,148850.0,344470.0,center3
808,148105.0,352019.0,center3
809,148136.0,346650.0,center3
810,152699.0,346789.0,center3
811,144140.0,355048.0,center3
812,149344.0,356738.0,center3
813,150855.0,347508.0,center3
814,147936.0,349677.0,center3
815,151509.0,356327.0,center3
816,149774.0,348278.0,center3
817,147033.0,355107.0,center3
818,150510.0,352630.0,center3
819,149152.0,350090.0,center3
820,148704.0,348759.0,center3
821,147751.0,355102.0,center3
822,150194.0,352257.0,center3
823,144162.0,347425.0,center3
824,148740.0,351110.0,center3
825,148281.0,347066.0,center3
826,147116.0,350180.0,center3
827,152064.0,355026.0,center3
828,147678.0,351441.0,center3
829,151710.0,347781.0,center3
830,153086.0,351403.0,center3
831,149504.0,347755.0,center3
832,150878.0,356441.0,center3
833,152022.0,344558.0,center3
834,149744.0,347899.0,center3
835,151710.0,352598.0,center3
836,146007.0,347020.0,center3
837,153511.0,350407.0,center3
838,146871.0,351747.0,center3
839,144217.0,353379.0,center3
840,154378.0,347521.0,center3
841,149802.0,349446.0,center3
842,151420.0,348658.0,center3
843,148851.0,349526.0,center3
844,146773.0,350840.0,center3
845,140282.0,347082.0,center3
846,151980.0,352716.0,center3
847,149093.0,351252.0,center3
848,149376.0,348451.0,center3
849,151283.0,350997.0,center3
850,145512.0,352648.0,center3
851,147693.0,352894.0,center3
852,153628.0,352465.0,center3
853,151891.0,349985.0,center3
854,145948.0,347644.0,center3
855,143033.0,350008.0,center3
856,148194.0,348353.0,center3
857,150677.0,349023.0,center3
858,152980.0,353208.0,center3
859,150296.0,354583.0,center3
860,146451.0,351520.0,center3
861,150968.0,356557.0,center3
862,146293.0,344818.0,center3
863,146961.0,349768.0,center3
864,147933.0,350093.0,center3
865,146112.0,354691.0,center3
866,149143.0,351492.0,center3
867,147154.0,348696.0,center3
868,149097.0,351653.0,center3
869,148538.0,351875.0,center3
870,148704.0,350445.0,center3
871,148408.0,343461.0,center3
872,153900.0,353609.0,center3
873,151930.0,339207.0,center3
874,150187.0,350363.0,center3
875,145361.0,344655.0,center3
876,144859.0,348369.0,center3
877,143787.0,353779.0,center3
878,158238.0,349208.0,center3
879,153075.0,356340.0,center3
880,150813.0,352530.0,center3
881,146919.0,348916.0,center3
882,146375.0,346795.0,center3
883,151732.0,348613.0,center3
884,154949.0,351673.0,center3
885,144645.0,342006.0,center3
886,148579.0,351793.0,center3
887,149733.0,350853.0,center3
888,143701.0,351947.0,center3
889,152660.0,356708.0,center3
890,148689.0,348850.0,center3
891,156047.0,347519.0,center3
892,148764.0,353588.0,center3
893,151294.0,352944.0,center3
894,146387.0,349189.0,center3
895,148024.0,347935.0,center3
896,146304.0,350414.0,center3
897,151241.0,346569.0,center3
898,154117.0,350620.0,center3
899,148123.0,347805.0,center3
900,151380.0,347560.0,center3
901,148405.0,352886.0,center3
902,150323.0,350128.0,center3
903,153783.0,354629.0,center3
904,150380.0,346620.0,center3
905,146721.0,350428.0,center3
906,147290.0,346437.0,center3
907,149463.0,351893.0,center3
908,149394.0,354046.0,center3
909,147262.0,352947.0,center3
910,150571.0,343401.0,center3
911,154005.0,352546.0,center3
912,149206.0,349948.0,center3
913,149353.0,350987.0,center3
914,143038.0,347581.0,center3
915,147551.0,344560.0,center3
916,145594.0,352369.0,center3
917,148779.0,348282.0,center3
918,151662.0,349129.0,center3
919,154817.0,351011.0,center3
920,155687.0,358550.0,center3
921,149630.0,357180.0,center3
922,148987.0,345750.0,center3
923,152585.0,348767.0,center3
924,151550.0,353262.0,center3
925,152420.0,343719.0,center3
926,152461.0,354160.0,center3
927,145319.0,348540.0,center3
928,151709.0,354574.0,center3
929,149711.0,347203.0,center3
930,147596.0,346857.0,center3
931,147807.0,357063.0,center3
932,154052.0,352255.0,center3
933,147439.0,348769.0,center3
934,146089.0,346359.0,center3
935,150679.0,353540.0,center3
936,156359.0,351712.0,center3
937,150081.0,342885.0,center3
938,150975.0,347255.0,center3
939,147033.0,359048.0,center3
940,155294.0,350492.0,center3
941,150395.0,343748.0,center3
942,151676.0,347374.0,center3
943,146989.0,348378.0,center3
944,152701.0,352456.0,center3
945,151231.0,349611.0,center3
946,146344.0,349954.0,center3
947,150126.0,349956.0,center3
948,148575.0,346836.0,center3
949,150345.0,353725.0,center3
950,149208.0,348771.0,center3
951,149399.0,348482.0,center3
952,146734.0,350287.0,center3
953,148978.0,349687.0,center3
954,152424.0,348601.0,center3
955,155517.0,350952.0,center3
956,146330.0,356281.0,center3
957,157518.0,352455.0,center3
958,154826.0,348421.0,center3
959,150533.0,347317.0,center3
960,149048.0,349153.0,center3
961,147791.0,344820.0,center3
962,152633.0,356008.0,center3
963,147803.0,350423.0,center3
964,148539.0,346193.0,center3
965,152794.0,350659.0,center3
966,151379.0,345596.0,center3
967,152836.0,352116.0,center3
968,151596.0,349589.0,center3
969,148732.0,350005.0,center3
970,148375.0,350976.0,center3
971,152518.0,352938.0,center3
972,147878.0,347240.0,center3
973,153753.0,345759.0,center3
974,152500.0,349923.0,center3
975,150910.0,347502.0,center3
976,150010.0,351338.0,center3
977,151156.0,344280.0,center3
978,161152.0,353817.0,center3
979,149644.0,350928.0,center3
980,145078.0,346010.0,center3
981,156056.0,349607.0,center3
982,151929.0,352829.0,center3
983,147951.0,357430.0,center3
984,158277.0,349723.0,center3
985,151742.0,354522.0,center3
986,150930.0,347385.0,center3
987,147540.0,350405.0,center3
988,146632.0,349010.0,center3
989,144408.0,350511.0,center3
990,148663.0,348299.0,center3
991,146670.0,345195.0,center3
992,152048.0,349353.0,center3
993,148996.0,351283.0,center3
994,155594.0,348967.0,center3
995,154777.0,349898.0,center3
996,150519.0,351317.0,center3
997,149106.0,351607.0,center3
998,153643.0,348056.0,center3
999,146374.0,348793.0,center3
1000,152130.0,352952.0,center3
1001,147884.0,350829.0,center3
1002,148734.0,345632.0,center3
1003,147876.0,354658.0,center3
1004,151820.0,348242.0,center3
1005,147539.0,347556.0,center3
1006,146637.0,345184.0,center3
1007,151749.0,349830.0,center3
1008,148661.0,349543.0,center3
1009,151143.0,349099.0,center3
1010,148887.0,347247.0,center3
1011,150852.0,344860.0,center3
1012,141890.0,358668.0,center3
1013,151473.0,354870.0,center3
1014,155861.0,349457.0,center3
1015,153287.0,349967.0,center3
1016,152881.0,351417.0,center3
1017,149242.0,349886.0,center3
1018,150572.0,348263.0,center3
1019,150772.0,353016.0,center3
1020,150305.0,346449.0,center3
1021,147374.0,355896.0,center3
1022,148886.0,344341.0,center3
1023,149447.0,348927.0,center3
1024,148480.0,352594.0,center3
1025,152646.0,350636.0,center3
1026,158027.0,346073.0,center3
1027,145815.0,352482.0,center3
1028,150406.0,350554.0,center3
1029,145439.0,346981.0,center3
1030,154119.0,351682.0,center3
1031,154459.0,352825.0,center3
1032,144743.0,356347.0,center3
1033,156146.0,350320.0,center3
1034,146570.0,348731.0,center3
1035,150717.0,348483.0,center3
1036,153475.0,344284.0,center3
1037,150465.0,351687.0,center3
1038,157260.0,344262.0,center3
1039,158704.0,350021.0,center3
1040,150437.0,349178.0,center3
1041,143969.0,352056.0,center3
1042,148846.0,341165.0,center3
1043,147318.0,352620.0,center3
1044,147582.0,348124.0,center3
1045,146434.0,345575.0,center3
1046,150247.0,349997.0,center3
1047,156662.0,351400.0,center3
1048,147736.0,348439.0,center3
1049,149113.0,345288.0,center3
1050,153689.0,354165.0,center3
1051,153835.0,351004.0,center3
1052,151535.0,347929.0,center3
1053,153245.0,354152.0,center3
1054,152753.0,351431.0,center3
1055,148793.0,345891.0,center3
1056,151356.0,352090.0,center3
1057,149054.0,344256.0,center3
1058,147154.0,346387.0,center3
1059,152007.0,350678.0,center3
1060,150213.0,351315.0,center3
1061,149408.0,350163.0,center3
1062,150923.0,344010.0,center3
1063,153123.0,352888.0,center3
1064,151243.0,354094.0,center3
1065,150615.0,353734.0,center3
1066,150885.0,348294.0,center3
1067,150162.0,348777.0,center3
1068,147551.0,346554.0,center3
1069,152488.0,351036.0,center3
1070,154455.0,351239.0,center3
1071,148311.0,347404.0,center3
1072,156096.0,353503.0,center3
1073,149443.0,352626.0,center3
1074,149229.0,351991.0,center3
1075,147162.0,347345.0,center3
1076,147494.0,345538.0,center3
1077,146986.0,351751.0,center3
1078,151119.0,354665.0,center3
1079,155050.0,346446.0,center3
1080,151668.0,343219.0,center3
1081,152701.0,354789.0,center3
1082,154243.0,350230.0,center3
1083,142096.0,352915.0,center3
1084,149470.0,353048.0,center3
1085,151116.0,346277.0,center3
1086,152268.0,348868.0,center3
1087,145874.0,346960.0,center3
1088,146819.0,350247.0,center3
1089,152500.0,353920.0,center3
1090,149631.0,350139.0,center3
1091,151749.0,343567.0,center3
1092,146962.0,353583.0,center3
1093,144833.0,349492.0,center3
1094,152407.0,348795.0,center3
1095,153774.0,343760.0,center3
1096,155161.0,351693.0,center3
1097,145155.0,350287.0,center3
1098,145773.0,350643.0,center3
1099,145339.0,346142.0,center3
1100,149868.0,347689.0,center3
1101,148054.0,346922.0,center3
1102,154156.0,356040.0,center3
1103,145399.0,346959.0,center3
1104,144490.0,348830.0,center3
1105,150649.0,347264.0,center3
1106,153772.0,353243.0,center3
1107,147461.0,349708.0,center3
1108,145998.0,349829.0,center3
1109,149528.0,352909.0,center3
1110,144825.0,351607.0,center3
1111,150055.0,352478.0,center3
1112,152620.0,343551.0,center3
1113,150689.0,350761.0,center3
1114,143962.0,352437.0,center3
1115,148302.0,350931.0,center3
1116,149045.0,352742.0,center3
1117,155735.0,357248.0,center3
1118,152893.0,354218.0,center3
1119,149819.0,346448.0,center3
1120,154141.0,347802.0,center3
1121,146696.0,349286.0,center3
1122,148899.0,347868.0,center3
1123,154467.0,350198.0,center3
1124,154751.0,354339.0,center3
1125,152310.0,348559.0,center3
1126,151552.0,349255.0,center3
1127,148147.0,349099.0,center3
1128,152356.0,352358.0,center3
1129,147381.0,353000.0,center3
1130,151817.0,349711.0,center3
1131,150891.0,349091.0,center3
1132,153603.0,353298.0,center3
1133,148653.0,352141.0,center3
1134,152012.0,351737.0,center3
1135,152508.0,360528.0,center3
1136,147159.0,349816.0,center3
1137,150494.0,351123.0,center3
1138,155051.0,350242.0,center3
1139,150356.0,351975.0,center3
1140,149024.0,348251.0,center3
1141,151444.0,353315.0,center3
1142,149130.0,355668.0,center3
1143,151401.0,350408.0,center3
1144,149574.0,349742.0,center3
1145,149942.0,348221.0,center3
1146,151457.0,348656.0,center3
1147,154308.0,345071.0,center3
1148,151429.0,349974.0,center3
1149,155213.0,347748.0,center3
1150,143586.0,353310.0,center3
1151,148579.0,350348.0,center3
1152,150746.0,350247.0,center3
1153,147359.0,354136.0,center3
1154,145965.0,344010.0,center3
1155,151951.0,351232.0,center3
1156,151938.0,346865.0,center3
1157,150915.0,348067.0,center3
1158,151250.0,350938.0,center3
1159,147247.0,352530.0,center3
1160,148426.0,347210.0,center3
1161,149663.0,351707.0,center3
1162,147825.0,354371.0,center3
1163,151049.0,347414.0,center3
1164,157479.0,347626.0,center3
1165,148475.0,349811.0,center3
1166,152047.0,352177.0,center3
1167,146729.0,349678.0,center3
1168,154236.0,347855.0,center3
1169,146935.0,350056.0,center3
1170,150660.0,350718.0,center3
1171,148044.0,348406.0,center3
1172,151619.0,346636.0,center3
1173,150036.0,351373.0,center3
1174,149861.0,350040.0,center3
1175,159326.0,349790.0,center3
1176,148008.0,347815.0,center3
1177,149852.0,348411.0,center3
1178,158484.0,348120.0,center3
1179,146374.0,346365.0,center3
1180,151749.0,354156.0,center3
1181,146596.0,348900.0,center3
1182,153259.0,344886.0,center3
1183,151036.0,348567.0,center3
1184,152062.0,353543.0,center3
1185,149118.0,348219.0,center3
1186,150775.0,355670.0,center3
1187,154656.0,348013.0,center3
1188,142805.0,346911.0,center3
1189,144835.0,346233.0,center3
1190,151314.0,353793.0,center3
1191,147929.0,347968.0,center3
1192,149063.0,351219.0,center3
1193,145266.0,344341.0,center3
1194,147139.0,347912.0,center3
1195,148722.0,351946.0,center3
1196,147705.0,345742.0,center3
1197,147260.0,349884.0,center3
1198,148666.0,351592.0,center3
1199,147019.0,355298.0,center3
1200,154243.0,352441.0,center3
1201,146874.0,352666.0,center3
1202,155749.0,349460.0,center3
1203,148816.0,348060.0,center3
1204,145409.0,349719.0,center3
1205,148044.0,346994.0,center3
1206,152955.0,353826.0,center3
1207,153339.0,352775.0,center3
1208,150507.0,353079.0,center3
1209,150909.0,354058.0,center3
1210,152001.0,349861.0,center3
1211,145386.0,347723.0,center3
1212,148160.0,351470.0,center3
1213,144213.0,353046.0,center3
1214,148580.0,352559.0,center3
1215,153002.0,353275.0,center3
1216,152269.0,354966.0,center3
1217,157235.0,351653.0,center3
1218,150527.0,353841.0,center3
1219,143181.0,349281.0,center3
1220,155342.0,353018.0,center3
1221,154055.0,345989.0,center3
1222,148158.0,354668.0,center3
1223,150704.0,344486.0,center3
1224,152465.0,350894.0,center3
1225,151217.0,349032.0,center3
1226,152202.0,346574.0,center3
1227,149644.0,351021.0,center3
1228,149877.0,351033.0,center3
1229,150279.0,354468.0,center3
1230,147503.0,350181.0,center3
1231,154500.0,352267.0,center3
1232,150020.0,350767.0,center3
1233,152171.0,354835.0,center3
1234,147296.0,353287.0,center3
1235,146600.0,349694.0,center3
1236,149712.0,350362.0,center3
1237,149201.0,355519.0,center3
1238,153778.0,349624.0,center3
1239,151917.0,352891.0,center3
1240,151709.0,347407.0,center3
1241,145431.0,347146.0,center3
1242,146940.0,352409.0,center3
1243,150639.0,352104.0,center3
1244,148900.0,353219.0,center3
1245,154080.0,348416.0,center3
1246,154241.0,353627.0,center3
1247,148163.0,350357.0,center3
1248,152767.0,350127.0,center3
1249,154413.0,355756.0,center3
1250,151015.0,354623.0,center3
1251,155134.0,343431.0,center3
1252,153360.0,351458.0,center3
1253,150677.0,347392.0,center3
1254,152773.0,349335.0,center3
1255,150615.0,348066.0,center3
1256,148688.0,354980.0,center3
1257,151134.0,354018.0,center3
1258,150115.0,351759.0,center3
1259,148847.0,352098.0,center3
1260,155600.0,352002.0,center3
1261,150700.0,352222.0,center3
1262,158634.0,351654.0,center3
1263,149063.0,349345.0,center3
1264,151784.0,351776.0,center3
1265,155005.0,349525.0,center3
1266,158631.0,349622.0,center3
1267,150960.0,349247.0,center3
1268,147501.0,349473.0,center3
1269,152541.0,350279.0,center3
1270,145826.0,357549.0,center3
1271,149134.0,346065.0,center3
1272,150860.0,346714.0,center3
1273,154710.0,351245.0,center3
1274,154545.0,350295.0,center3
1275,149913.0,347694.0,center3
1276,152922.0,351321.0,center3
1277,148984.0,352268.0,center3
1278,152091.0,346579.0,center3
1279,156057.0,349322.0,center3
1280,150496.0,345997.0,center3
1281,149050.0,350168.0,center3
1282,148419.0,350357.0,center3
1283,152266.0,352374.0,center3
1284,154229.0,347005.0,center3
1285,156722.0,351608.0,center3
1286,150171.0,349566.0,center3
1287,150516.0,354431.0,center3
1288,147999.0,350765.0,center3
1289,155098.0,348820.0,center3
1290,149761.0,349256.0,center3
1291,148503.0,348163.0,center3
1292,156907.0,355218.0,center3
1293,152561.0,348648.0,center3
1294,152265.0,345171.0,center3
1295,146820.0,349049.0,center3
1296,151372.0,353735.0,center3
1297,151645.0,352251.0,center3
1298,146546.0,350171.0,center3
1299,149286.0,355546.0,center3
1300,148720.0,348023.0,center3
1301,151669.0,350982.0,center3
1302,146816.0,346938.0,center3
1303,153444.0,347865.0,center3
1304,155644.0,349481.0,center3
1305,149039.0,351942.0,center3
1306,149972.0,356460.0,center3
1307,151602.0,352674.0,center3
1308,153805.0,347010.0,center3
1309,151651.0,349520.0,center3
1310,151256.0,348381.0,center3
1311,148473.0,348926.0,center3
1312,149268.0,353640.0,center3
1313,151940.0,351381.0,center3
1314,155322.0,353652.0,center3
1315,151797.0,352078.0,center3
1316,146186.0,347124.0,center3
1317,151369.0,353066.0,center3
1318,149709.0,345722.0,center3
1319,149228.0,352439.0,center3
1320,149307.0,351817.0,center3
1321,147218.0,353184.0,center3
1322,148986.0,345431.0,center3
1323,147519.0,349111.0,center3
1324,148846.0,349941.0,center3
1325,150371.0,350353.0,center3
1326,150551.0,352813.0,center3
1327,149318.0,352136.0,center3
1328,149517.0,352003.0,center3
1329,150107.0,350572.0,center3
1330,151449.0,355418.0,center3
1331,154053.0,349382.0,center3
1332,151961.0,350514.0,center3
1333,149093.0,348095.0,center3
1334,151891.0,349996.0,center3
1335,149224.0,352205.0,center3
1336,144369.0,345575.0,center3
1337,142577.0,349858.0,center3
1338,144581.0,347146.0,center3
1339,149250.0,352406.0,center3
1340,148041.0,343620.0,center3
1341,147723.0,343619.0,center3
1342,150129.0,355124.0,center3
1343,147916.0,349321.0,center3
1344,148006.0,343608.0,center3
1345,151928.0,344887.0,center3
1346,152474.0,349974.0,center3
1347,157705.0,351738.0,center3
1348,150956.0,351158.0,center3
1349,150184.0,353376.0,center3
1350,148184.0,350866.0,center3
1351,149383.0,349707.0,center3
1352,149840.0,353281.0,center3
1353,144448.0,355923.0,center3
1354,149186.0,350003.0,center3
1355,152370.0,349480.0,center3
1356,148195.0,353087.0,center3
1357,151563.0,348560.0,center3
1358,153135.0,345647.0,center3
1359,153406.0,350006.0,center3
1360,152457.0,351017.0,center3
1361,142854.0,349744.0,center3
1362,148215.0,346304.0,center3
1363,152851.0,348407.0,center3
1364,151248.0,347987.0,center3
1365,150015.0,353007.0,center3
1366,151382.0,349727.0,center3
1367,153574.0,352401.0,center3
1368,150486.0,351932.0,center3
1369,147601.0,349154.0,center3
1370,149430.0,343711.0,center3
1371,149343.0,351076.0,center3
1372,152836.0,352499.0,center3
1373,151304.0,347762.0,center3
1374,151731.0,350120.0,center3
1375,150467.0,348657.0,center3
1376,148854.0,355239.0,center3
1377,150193.0,349923.0,center3
1378,150685.0,350710.0,center3
1379,145579.0,346261.0,center3
1380,150566.0,347743.0,center3
1381,152933.0,346025.0,center3
1382,149652.0,352258.0,center3
1383,154972.0,352408.0,center3
1384,151772.0,347571.0,center3
1385,148671.0,358953.0,center3
1386,149513.0,352843.0,center3
1387,149130.0,351190.0,center3
1388,150762.0,356105.0,center3
1389,152387.0,342512.0,center3
1390,149077.0,349621.0,center3
1391,151450.0,350067.0,center3
1392,155551.0,351184.0,center3
1393,152946.0,347028.0,center3
1394,152610.0,351927.0,center3
1395,147423.0,342766.0,center3
1396,148311.0,350169.0,center3
1397,150767.0,351458.0,center3
1398,149682.0,349839.0,center3
1399,144861.0,350632.0,center3
1400,145211.0,347118.0,center3
1401,153245.0,352054.0,center3
1402,147603.0,348581.0,center3
1403,156572.0,345437.0,center3
1404,142973.0,348321.0,center3
1405,151419.0,348191.0,center3
1406,150002.0,346776.0,center3
1407,147609.0,351350.0,center3
1408,151279.0,350255.0,center3
1409,147490.0,348947.0,center3
1410,152719.0,348548.0,center3
1411,150211.0,355296.0,center3
1412,144816.0,353172.0,center3
1413,142332.0,348638.0,center3
1414,149102.0,350183.0,center3
1415,153623.0,355121.0,center3
1416,150573.0,355700.0,center3
1417,150172.0,353486.0,center3
1418,152175.0,349192.0,center3
1419,145594.0,347726.0,center3
1420,154507.0,352816.0,center3
1421,147173.0,347000.0,center3
1422,150119.0,346643.0,center3
1423,148850.0,348767.0,center3
1424,150473.0,353055.0,center3
1425,143851.0,349886.0,center3
1426,154819.0,351253.0,center3
1427,151726.0,353712.0,center3
1428,156356.0,351374.0,center3
1429,154480.0,346866.0,center3
1430,150036.0,352653.0,center3
1431,147030.0,351202.0,center3
1432,144501.0,349172.0,center3
1433,150054.0,348706.0,center3
1434,150693.0,348356.0,center3
1435,153307.0,350255.0,center3
1436,146993.0,347181.0,center3
1437,152513.0,348640.0,center3
1438,150226.0,345345.0,center3
1439,147553.0,348123.0,center3
1440,152448.0,348064.0,center3
1441,150840.0,351902.0,center3
1442,149257.0,354504.0,center3
1443,155937.0,353852.0,center3
1444,151927.0,353486.0,center3
1445,149651.0,352093.0,center3
1446,150877.0,351808.0,center3
1447,150275.0,352387.0,center3
1448,150549.0,347759.0,center3
1449,151434.0,352765.0,center3
1450,148092.0,346038.0,center3
1451,147480.0,351695.0,center3
1452,151140.0,347495.0,center3
1453,155961.0,347543.0,center3
1454,149030.0,348476.0,center3
1455,146797.0,345581.0,center3
1456,149246.0,349975.0,center3
1457,148469.0,353342.0,center3
1458,148965.0,349112.0,center3
1459,151504.0,351710.0,center3
1460,149589.0,350469.0,center3
1461,148120.0,353625.0,center3
1462,148597.0,349362.0,center3
1463,145818.0,350504.0,center3
1464,147282.0,357493.0,center3
1465,145532.0,353160.0,center3
1466,148368.0,346899.0,center3
1467,146569.0,353180.0,center3
1468,147764.0,346868.0,center3
1469,149046.0,349936.0,center3
1470,146204.0,350531.0,center3
1471,149939.0,352731.0,center3
1472,151076.0,348858.0,center3
1473,146954.0,351388.0,center3
1474,153523.0,355921.0,center3
1475,144984.0,343503.0,center3
1476,148761.0,346488.0,center3
1477,145305.0,353290.0,center3
1478,148910.0,348966.0,center3
1479,145813.0,349461.0,center3
1480,148182.0,352725.0,center3
1481,147658.0,356760.0,center3
1482,146253.0,345529.0,center3
1483,143470.0,346487.0,center3
1484,151787.0,349935.0,center3
1485,156325.0,350634.0,center3
1486,157031.0,351039.0,center3
1487,148444.0,348861.0,center3
1488,149855.0,353823.0,center3
1489,148527.0,346991.0,center3
1490,150240.0,350666.0,center3
1491,147095.0,352824.0,center3
1492,143930.0,350574.0,center3
1493,149885.0,348031.0,center3
1494,146126.0,349992.0,center3
1495,143984.0,348400.0,center3
1496,157508.0,348864.0,center3
1497,149262.0,354184.0,center3
1498,151277.0,349506.0,center3
1499,153771.0,348558.0,center3
1500,144672.0,347089.0,center3
1501,151306.0,350512.0,center3
1502,151587.0,345452.0,center3
1503,150263.0,344847.0,center3
1504,150499.0,350657.0,center3
1505,148330.0,345775.0,center3
1506,152287.0,348971.0,center3
1507,147312.0,352171.0,center3
1508,147482.0,352650.0,center3
1509,152294.0,355089.0,center3
1510,155333.0,347357.0,center3
1511,148778.0,352573.0,center3
1512,148403.0,350864.0,center3
1513,151290.0,354070.0,center3
1514,153391.0,351032.0,center3
1515,153061.0,352871.0,center3
1516,150854.0,353671.0,center3
1517,147994.0,348504.0,center3
1518,151991.0,348748.0,center3
1519,149749.0,345793.0,center3
1520,154354.0,350160.0,center3
1521,145547.0,350673.0,center3
1522,150447.0,347706.0,center3
1523,154078.0,350634.0,center3
1524,148435.0,348722.0,center3
1525,148024.0,348444.0,center3
1526,147048.0,352157.0,center3
1527,149119.0,352480.0,center3
1528,149366.0,353550.0,center3
1529,150432.0,346629.0,center3
1530,147207.0,349292.0,center3
1531,150261.0,352087.0,center3
1532,148090.0,345739.0,center3
1533,148834.0,355946.0,center3
1534,147349.0,350469.0,center3
1535,149107.0,348196.0,center3
1536,161289.0,354379.0,center3
1537,160776.0,352264.0,center3
1538,153627.0,350706.0,center3
1539,152490.0,348109.0,center3
1540,145958.0,344041.0,center3
1541,148151.0,346783.0,center3
1542,148041.0,347773.0,center3
1543,151693.0,351593.0,center3
1544,151527.0,352086.0,center3
1545,150343.0,347563.0,center3
1546,148924.0,352498.0,center3
1547,147072.0,351807.0,center3
1548,150017.0,349607.0,center3
1549,153602.0,347367.0,center3
1550,151351.0,352942.0,center3
1551,150572.0,349649.0,center3
1552,152079.0,347019.0,center3
1553,151848.0,350979.0,center3
1554,144888.0,351136.0,center3
1555,150059.0,345407.0,center3
1556,148653.0,355738.0,center3
1557,143568.0,342595.0,center3
1558,145799.0,344435.0,center3
1559,148988.0,353750.0,center3
1560,152610.0,351284.0,center3
1561,149275.0,348578.0,center3
1562,150829.0,350119.0,center3
1563,147160.0,352017.0,center3
1564,143178.0,346587.0,center3
1565,150297.0,352950.0,center3
1566,146992.0,351893.0,center3
1567,153708.0,350229.0,center3
1568,155487.0,351150.0,center3
1569,148825.0,347904.0,center3
1570,153772.0,347682.0,center3
1571,153016.0,349079.0,center3
1572,145525.0,352789.0,center3
1573,149895.0,349235.0,center3
1574,150826.0,348662.0,center3
1575,151654.0,347084.0,center3
1576,152140.0,346648.0,center3
1577,152133.0,350283.0,center3
1578,152145.0,353488.0,center3
1579,149012.0,353776.0,center3
1580,151199.0,351882.0,center3
1581,142876.0,348315.0,center3
1582,146305.0,348474.0,center3
1583,153801.0,351531.0,center3
1584,147911.0,352741.0,center3
1585,151036.0,353169.0,center3
1586,154769.0,343810.0,center3
1587,147189.0,349573.0,center3
1588,146966.0,346655.0,center3
1589,148442.0,348361.0,center3
1590,151395.0,355599.0,center3
1591,149352.0,347489.0,center3
1592,146908.0,344393.0,center3
1593,145026.0,350060.0,center3
1594,148829.0,349491.0,center3
1595,149301.0,348623.0,center3
1596,148308.0,352598.0,center3
1597,149172.0,351698.0,center3
1598,146536.0,350836.0,center3
1599,151737.0,349302.0,center3
1600,143123.0,350414.0,center3
1601,150457.0,349129.0,center3
1602,152116.0,350797.0,center3
1603,147316.0,351546.0,center3
1604,149819.0,351051.0,center3
1605,150923.0,347975.0,center3
1606,148056.0,348116.0,center3
1607,149957.0,346723.0,center3
1608,151303.0,353268.0,center3
1609,147036.0,349622.0,center3
1610,152641.0,348197.0,center3
1611,153461.0,352479.0,center3
1612,151016.0,348494.0,center3
1613,150048.0,351408.0,center3
1614,146318.0,354404.0,center3
1615,151565.0,353107.0,center3
1616,146155.0,349112.0,center3
1617,155031.0,350145.0,center3
1618,151665.0,356262.0,center3
1619,150837.0,349546.0,center3
1620,148755.0,350823.0,center3
1621,143118.0,350337.0,center3
1622,146219.0,352532.0,center3
1623,151155.0,350793.0,center3
1624,157629.0,351915.0,center3
1625,152341.0,351248.0,center3
1626,150980.0,358559.0,center3
1627,148286.0,352585.0,center3
1628,150387.0,347281.0,center3
1629,153043.0,346474.0,center3
1630,149197.0,344839.0,center3
1631,155982.0,356388.0,center3
1632,146141.0,347037.0,center3
1633,148810.0,353003.0,center3
1634,150166.0,351696.0,center3
1635,143821.0,344578.0,center3
1636,151788.0,356544.0,center3
1637,150246.0,351762.0,center3
1638,150255.0,355752.0,center3
1639,152513.0,351329.0,center3
1640,153300.0,350895.0,center3
1641,152537.0,347046.0,center3
1642,148517.0,349970.0,center3
1643,149853.0,350417.0,center3
1644,151118.0,345326.0,center3
1645,146026.0,349543.0,center3
1646,146724.0,350186.0,center3
1647,148650.0,347596.0,center3
1648,150246.0,351316.0,center3
1649,155663.0,346751.0,center3
1650,152521.0,348447.0,center3
1651,148601.0,350192.0,center3
1652,148011.0,347897.0,center3
1653,154850.0,351812.0,center3
1654,158644.0,349723.0,center3
1655,150529.0,347303.0,center3
1656,148486.0,352780.0,center3
1657,145533.0,351441.0,center3
1658,153083.0,352106.0,center3
1659,150916.0,352247.0,center3
1660,153685.0,353545.0,center3
1661,147126.0,352830.0,center3
1662,150761.0,350182.0,center3
1663,147932.0,348376.0,center3
1664,154032.0,350055.0,center3
1665,148257.0,353721.0,center3
1666,149724.0,346203.0,center3
1667,148900.0,348114.0,center3
1668,153143.0,353597.0,center3
1669,151355.0,352797.0,center3
1670,146824.0,348123.0,center3
1671,147999.0,349149.0,center3
1672,146693.0,349179.0,center3
1673,151599.0,349293.0,center3
1674,151050.0,342417.0,center3
1675,144828.0,348138.0,center3
1676,143970.0,350369.0,center3
1677,149872.0,357701.0,center3
1678,152205.0,345618.0,center3
1679,150534.0,348054.0,center3
1680,145118.0,348299.0,center3
1681,145093.0,346544.0,center3
1682,152742.0,348154.0,center3
1683,149540.0,343900.0,center3
1684,148779.0,349524.0,center3
1685,154162.0,348785.0,center3
1686,147481.0,351431.0,center3
1687,150428.0,350223.0,center3
1688,151321.0,353486.0,center3
1689,152593.0,355359.0,center3
1690,147298.0,350113.0,center3
1691,151130.0,346218.0,center3
1692,158691.0,351637.0,center3
1693,145216.0,353921.0,center3
1694,151372.0,349837.0,center3
1695,149273.0,351147.0,center3
1696,147385.0,346698.0,center3
1697,147369.0,354485.0,center3
1698,151574.0,351428.0,center3
1699,157323.0,349404.0,center3
1700,147490.0,344482.0,center3
1701,151711.0,348007.0,center3
1702,148232.0,346591.0,center3
1703,156250.0,349075.0,center3
1704,151722.0,351263.0,center3
1705,149564.0,352566.0,center3
1706,151960.0,350686.0,center3
1707,149982.0,350262.0,center3
1708,153501.0,351529.0,center3
1709,149413.0,358289.0,center3
1710,146454.0,350692.0,center3
1711,150779.0,350521.0,center3
1712,154936.0,355458.0,center3
1713,146216.0,349903.0,center3
1714,149234.0,347806.0,center3
1715,153178.0,353250.0,center3
1716,143928.0,348267.0,center3
1717,151978.0,350834.0,center3
1718,152381.0,352995.0,center3
1719,150675.0,352610.0,center3
1720,147564.0,344712.0,center3
1721,149977.0,342566.0,center3
1722,150295.0,347822.0,center3
1723,152958.0,355493.0,center3
1724,152098.0,350949.0,center3
1725,148892.0,349412.0,center3
1726,155123.0,350022.0,center3
1727,149839.0,353250.0,center3
1728,147430.0,350783.0,center3
1729,148614.0,351358.0,center3
1730,152715.0,343694.0,center3
1731,150617.0,349514.0,center3
1732,152811.0,350341.0,center3
1733,150219.0,347316.0,center3
1734,157864.0,350714.0,center3
1735,144733.0,347578.0,center3
1736,148685.0,352606.0,center3
1737,149734.0,348177.0,center3
1738,150282.0,354133.0,center3
1739,154605.0,350326.0,center3
1740,150694.0,352887.0,center3
1741,149637.0,357153.0,center3
1742,150217.0,350232.0,center3
1743,152376.0,354940.0,center3
1744,147820.0,346408.0,center3
1745,151426.0,355880.0,center3
1746,145051.0,345703.0,center3
1747,149751.0,349769.0,center3
1748,147022.0,348674.0,center3
1749,147935.0,346178.0,center3
1750,150893.0,345974.0,center3
1751,146442.0,351678.0,center3
1752,146873.0,345316.0,center3
1753,145206.0,345302.0,center3
1754,142953.0,352847.0,center3
1755,149521.0,349957.0,center3
1756,153677.0,351562.0,center3
1757,149425.0,347106.0,center3
1758,149260.0,349307.0,center3
1759,146690.0,350635.0,center3
1760,155007.0,351028.0,center3
1761,149211.0,355547.0,center3
1762,154092.0,348446.0,center3
1763,151145.0,349643.0,center3
1764,149168.0,352535.0,center3
1765,153422.0,353325.0,center3
1766,153107.0,344100.0,center3
1767,149648.0,348732.0,center3
1768,154098.0,348281.0,center3
1769,155633.0,350513.0,center3
1770,149793.0,351600.0,center3
1771,149191.0,351319.0,center3
1772,151280.0,353718.0,center3
1773,151112.0,351520.0,center3
1774,152554.0,351248.0,center3
1775,149192.0,352894.0,center3
1776,152261.0,351575.0,center3
1777,153316.0,346164.0,center3
1778,150561.0,350402.0,center3
1779,150485.0,344842.0,center3
1780,146033.0,353098.0,center3
1781,146291.0,342997.0,center3
1782,145379.0,347808.0,center3
1783,146065.0,349903.0,center3
1784,149510.0,349831.0,center3
1785,144893.0,355414.0,center3
1786,157103.0,350885.0,center3
1787,152338.0,348302.0,center3
1788,143462.0,351193.0,center3
1789,146349.0,345838.0,center3
1790,149661.0,351682.0,center3
1791,144583.0,350248.0,center3
1792,148546.0,348619.0,center3
1793,153450.0,348388.0,center3
1794,149482.0,346202.0,center3
1795,149787.0,344068.0,center3
1796,146833.0,348349.0,center3
1797,148243.0,352270.0,center3
1798,145726.0,347326.0,center3
1799,151152.0,355101.0,center3
1800,148570.0,347062.0,center3
1801,152477.0,356984.0,center3
1802,153912.0,348213.0,center3
1803,153406.0,350653.0,center3
1804,149890.0,354504.0,center3
1805,148406.0,353721.0,center3
1806,146129.0,347229.0,center3
1807,150375.0,352361.0,center3
1808,153034.0,346797.0,center3
1809,148922.0,344525.0,center3
1810,149452.0,352025.0,center3
1811,151949.0,344753.0,center3
1812,152732.0,343546.0,center3
1813,145519.0,349363.0,center3
1814,150632.0,354423.0,center3
1815,150619.0,353894.0,center3
1816,149522.0,345248.0,center3
1817,152823.0,350400.0,center3
1818,148848.0,352411.0,center3
1819,147387.0,352803.0,center3
1820,150873.0,354998.0,center3
1821,151454.0,355136.0,center3
1822,149312.0,352625.0,center3
1823,152518.0,345770.0,center3
1824,145200.0,349645.0,center3
1825,146601.0,345318.0,center3
1826,140285.0,352908.0,center3
1827,151649.0,355646.0,center3
1828,146866.0,343389.0,center3
1829,149200.0,352549.0,center3
1830,153192.0,349241.0,center3
1831,150161.0,348512.0,center3
1832,148607.0,347063.0,center3
1833,147317.0,353707.0,center3
1834,149240.0,351130.0,center3
1835,151907.0,349817.0,center3
1836,145205.0,350833.0,center3
1837,149784.0,353166.0,center3
1838,152474.0,347512.0,center3
1839,145507.0,347050.0,center3
1840,152117.0,352378.0,center3
1841,152161.0,355205.0,center3
1842,147210.0,353655.0,center3
1843,145242.0,349160.0,center3
1844,151370.0,345947.0,center3
1845,152556.0,342884.0,center3
1846,151831.0,347268.0,center3
1847,152412.0,353795.0,center3
1848,146262.0,347898.0,center3
1849,151846.0,351077.0,center3
1850,148166.0,350486.0,center3
1851,148225.0,342892.0,center3
1852,145080.0,353444.0,center3
1853,153479.0,356719.0,center3
1854,150554.0,349933.0,center3
1855,153174.0,353459.0,center3
1856,154778.0,348095.0,center3
1857,146404.0,351516.0,center3
1858,152033.0,356884.0,center3
1859,149960.0,354123.0,center3
1860,152891.0,348087.0,center3
1861,153503.0,347142.0,center3
1862,152595.0,350427.0,center3
1863,147414.0,348996.0,center3
1864,149600.0,349763.0,center3
1865,150835.0,354083.0,center3
1866,159988.0,351695.0,center3
1867,153879.0,355624.0,center3
1868,157338.0,350599.0,center3
1869,151311.0,349712.0,center3
1870,150670.0,352563.0,center3
1871,151939.0,351535.0,center3
1872,148331.0,349173.0,center3
1873,153926.0,345396.0,center3
1874,149502.0,346438.0,center3
1875,145656.0,351507.0,center3
1876,152754.0,351985.0,center3
1877,145040.0,344885.0,center3
1878,144168.0,349794.0,center3
1879,150912.0,351757.0,center3
1880,146993.0,346001.0,center3
1881,147120.0,346571.0,center3
1882,149488.0,353706.0,center3
1883,148454.0,344328.0,center3
1884,149296.0,351335.0,center3
1885,150860.0,353163.0,center3
1886,146305.0,343994.0,center3
1887,146129.0,349203.0,center3
1888,143361.0,345638.0,center3
1889,148766.0,350160.0,center3
1890,152101.0,348882.0,center3
1891,147779.0,344583.0,center3
1892,151585.0,352103.0,center3
1893,151709.0,352047.0,center3
1894,153133.0,348367.0,center3
1895,153129.0,351974.0,center3
1896,147822.0,345552.0,center3
1897,147290.0,345844.0,center3
1898,150153.0,346386.0,center3
1899,147898.0,349446.0,center3
1900,154594.0,348810.0,center3
1901,154363.0,356450.0,center3
1902,150301.0,349806.0,center3
1903,148649.0,351633.0,center3
1904,151615.0,351968.0,center3
1905,147925.0,350962.0,center3
1906,149605.0,350564.0,center3
1907,148323.0,353747.0,center3
1908,150334.0,346370.0,center3
1909,153568.0,355502.0,center3
1910,152348.0,352394.0,center3
1911,153616.0,346745.0,center3
1912,147107.0,353204.0,center3
1913,150569.0,353778.0,center3
1914,146890.0,355061.0,center3
1915,151217.0,348799.0,center3
1916,151030.0,355261.0,center3
1917,154099.0,351239.0,center3
1918,153476.0,345743.0,center3
1919,152066.0,347764.0,center3
1920,148403.0,352765.0,center3
1921,148495.0,355491.0,center3
1922,143512.0,345629.0,center3
1923,148582.0,349508.0,center3
1924,145095.0,347443.0,center3
1925,152940.0,356208.0,center3
1926,152852.0,347466.0,center3
1927,150437.0,354233.0,center3
1928,148803.0,347915.0,center3
1929,150452.0,352489.0,center3
1930,155076.0,346341.0,center3
1931,154266.0,355147.0,center3
1932,148582.0,342927.0,center3
1933,150533.0,351068.0,center3
1934,146457.0,350970.0,center3
1935,151267.0,347544.0,center3
1936,152337.0,347193.0,center3
1937,152846.0,352202.0,center3
1938,145158.0,346255.0,center3
1939,151596.0,350071.0,center3
1940,147267.0,340855.0,center3
1941,148809.0,343333.0,center3
1942,152492.0,350108.0,center3
1943,150943.0,353612.0,center3
1944,149482.0,344758.0,center3
1945,151919.0,352327.0,center3
1946,155169.0,352072.0,center3
1947,148028.0,347951.0,center3
1948,145731.0,349498.0,center3
1949,146325.0,356527.0,center3
1950,147014.0,345295.0,center3
1951,147877.0,351298.0,center3
1952,151824.0,350835.0,center3
1953,143404.0,350354.0,center3
1954,150746.0,350056.0,center3
1955,147538.0,350639.0,center3
1956,153477.0,349557.0,center3
1957,147294.0,344401.0,center3
1958,150024.0,348165.0,center3
1959,147035.0,350441.0,center3
1960,147845.0,350599.0,center3
1961,149177.0,351817.0,center3
1962,149276.0,356916.0,center3
1963,148340.0,344629.0,center3
1964,153568.0,352498.0,center3
1965,151740.0,350601.0,center3
1966,155866.0,350467.0,center3
1967,149123.0,347731.0,center3
1968,153373.0,349936.0,center3
1969,143362.0,351477.0,center3
1970,152019.0,351543.0,center3
1971,151175.0,345065.0,center3
1972,148817.0,352733.0,center3
1973,152199.0,351005.0,center3
1974,152775.0,356238.0,center3
1975,153269.0,346827.0,center3
1976,151327.0,347861.0,center3
1977,151901.0,344677.0,center3
1978,147869.0,349798.0,center3
1979,146537.0,352785.0,center3
1980,149154.0,348408.0,center3
1981,150590.0,348426.0,center3
1982,153007.0,349374.0,center3
1983,147500.0,349245.0,center3
1984,148452.0,353066.0,center3
1985,159406.0,350991.0,center3
1986,148031.0,348284.0,center3
1987,156073.0,352604.0,center3
1988,153039.0,346011.0,center3
1989,148236.0,351707.0,center3
1990,149663.0,349317.0,center3
1991,149320.0,356663.0,center3
1992,151497.0,348108.0,center3
1993,154319.0,351765.0,center3
1994,144821.0,349853.0,center3
1995,156400.0,347239.0,center3
1996,152460.0,353001.0,center3
1997,148264.0,342822.0,center3
1998,149602.0,343837.0,center3
1999,150947.0,345974.0,center3
2000,184129.0,378867.0,center4
2001,183112.0,382381.0,center4
2002,176043.0,384123.0,center4
2003,179432.0,375113.0,center4
2004,177649.0,385280.0,center4
2005,180738.0,384111.0,center4
2006,186645.0,380959.0,center4
2007,177228.0,384694.0,center4
2008,186163.0,381386.0,center4
2009,178529.0,376643.0,center4
2010,177938.0,383343.0,center4
2011,181928.0,387217.0,center4
2012,182242.0,377788.0,center4
2013,180885.0,376937.0,center4
2014,175359.0,383118.0,center4
2015,177814.0,379706.0,center4
2016,177255.0,375434.0,center4
2017,178379.0,383728.0,center4
2018,177527.0,379268.0,center4
2019,181346.0,377633.0,center4
2020,183199.0,378490.0,center4
2021,179207.0,378355.0,center4
2022,181753.0,383125.0,center4
2023,182400.0,376604.0,center4
2024,180423.0,381519.0,center4
2025,179138.0,383074.0,center4
2026,178284.0,377123.0,center4
2027,176322.0,380684.0,center4
2028,179135.0,374711.0,center4
2029,180504.0,382243.0,center4
2030,179410.0,376410.0,center4
2031,180689.0,382606.0,center4
2032,180146.0,381379.0,center4
2033,182120.0,378918.0,center4
2034,178006.0,375144.0,center4
2035,179626.0,384152.0,center4
2036,180765.0,380557.0,center4
2037,178811.0,385159.0,center4
2038,180887.0,380116.0,center4
2039,174389.0,373843.0,center4
2040,181450.0,385463.0,center4
2041,181460.0,379229.0,center4
2042,179996.0,382908.0,center4
2043,178884.0,377616.0,center4
2044,178631.0,381788.0,center4
2045,174609.0,382088.0,center4
2046,183465.0,383534.0,center4
2047,182010.0,381771.0,center4
2048,176562.0,379528.0,center4
2049,175328.0,379987.0,center4
2050,178782.0,380829.0,center4
2051,182153.0,377892.0,center4
2052,182633.0,381995.0,center4
2053,181691.0,376820.0,center4
2054,182429.0,374248.0,center4
2055,185549.0,381079.0,center4
2056,174610.0,380083.0,center4
2057,181485.0,380843.0,center4
2058,179828.0,385561.0,center4
2059,177632.0,383642.0,center4
2060,182267.0,386091.0,center4
2061,179983.0,380692.0,center4
2062,183795.0,383238.0,center4
2063,176730.0,377813.0,center4
2064,177320.0,379005.0,center4
2065,181371.0,374638.0,center4
2066,177193.0,379939.0,center4
2067,180383.0,382955.0,center4
2068,178729.0,376543.0,center4
2069,183468.0,379647.0,center4
2070,181381.0,377860.0,center4
2071,178713.0,377328.0,center4
2072,177980.0,382637.0,center4
2073,178720.0,380084.0,center4
2074,187570.0,383084.0,center4
2075,179843.0,381233.0,center4
2076,179359.0,382880.0,center4
2077,179375.0,372835.0,center4
2078,184795.0,377263.0,center4
2079,174522.0,378911.0,center4
2080,183518.0,381446.0,center4
2081,177725.0,383386.0,center4
2082,179136.0,377901.0,center4
2083,182142.0,378311.0,center4
2084,177039.0,378807.0,center4
2085,181346.0,382322.0,center4
2086,179764.0,380311.0,center4
2087,175577.0,383100.0,center4
2088,180608.0,377632.0,center4
2089,181835.0,381477.0,center4
2090,182017.0,381420.0,center4
2091,178210.0,374648.0,center4
2092,179949.0,380927.0,center4
2093,181968.0,385671.0,center4
2094,181687.0,376400.0,center4
2095,178769.0,377872.0,center4
2096,175979.0,376399.0,center4
2097,180862.0,383639.0,center4
2098,181004.0,378349.0,center4
2099,184738.0,382838.0,center4
2100,175086.0,374334.0,center4
2101,178880.0,374153.0,center4
2102,181373.0,383275.0,center4
2103,179679.0,381835.0,center4
2104,186416.0,381523.0,center4
2105,178839.0,382927.0,center4
2106,172525.0,379465.0,center4
2107,182308.0,380671.0,center4
2108,175576.0,376805.0,center4
2109,184158.0,380446.0,center4
2110,181277.0,376666.0,center4
2111,178912.0,377089.0,center4
2112,176901.0,378189.0,center4
2113,185873.0,381024.0,center4
2114,180979.0,385141.0,center4
2115,178453.0,381033.0,center4
2116,177803.0,381058.0,center4
2117,179430.0,381652.0,center4
2118,183973.0,384185.0,center4
2119,186042.0,382430.0,center4
2120,180086.0,380209.0,center4
2121,181351.0,378773.0,center4
2122,181023.0,381981.0,center4
2123,174786.0,374181.0,center4
2124,180444.0,380176.0,center4
2125,178425.0,382810.0,center4
2126,178647.0,379147.0,center4
2127,179523.0,381767.0,center4
2128,170858.0,379628.0,center4
2129,177677.0,381608.0,center4
2130,182391.0,378686.0,center4
2131,180382.0,385297.0,center4
2132,178369.0,381085.0,center4
2133,178922.0,380336.0,center4
2134,176585.0,375912.0,center4
2135,177795.0,379172.0,center4
2136,178156.0,375267.0,center4
2137,179411.0,379033.0,center4
2138,181859.0,376319.0,center4
2139,179933.0,379792.0,center4
2140,179748.0,380454.0,center4
2141,177358.0,378211.0,center4
2142,183095.0,385447.0,center4
2143,180745.0,384382.0,center4
2144,181790.0,384628.0,center4
2145,180693.0,381928.0,center4
2146,182554.0,382710.0,center4
2147,184783.0,378410.0,center4
2148,178635.0,380278.0,center4
2149,181716.0,376640.0,center4
2150,182148.0,380969.0,center4
2151,179972.0,383591.0,center4
2152,186046.0,377141.0,center4
2153,176905.0,379033.0,center4
2154,178463.0,375233.0,center4
2155,180246.0,381932.0,center4
2156,180083.0,383881.0,center4
2157,179295.0,383527.0,center4
2158,178483.0,376621.0,center4
2159,182608.0,378030.0,center4
2160,179809.0,379659.0,center4
2161,177449.0,378502.0,center4
2162,185416.0,378882.0,center4
2163,182884.0,372345.0,center4
2164,184708.0,382474.0,center4
2165,179915.0,379254.0,center4
2166,186058.0,382787.0,center4
2167,182908.0,381123.0,center4
2168,174282.0,370056.0,center4
2169,175999.0,378652.0,center4
2170,181846.0,382658.0,center4
2171,179633.0,383252.0,center4
2172,179545.0,378956.0,center4
2173,183399.0,381978.0,center4
2174,185383.0,381287.0,center4
2175,181237.0,383024.0,center4
2176,180403.0,386219.0,center4
2177,187118.0,377844.0,center4
2178,179966.0,386604.0,center4
2179,178575.0,380532.0,center4
2180,178118.0,377298.0,center4
2181,177674.0,377218.0,center4
2182,180258.0,380396.0,center4
2183,177278.0,380162.0,center4
2184,174123.0,380705.0,center4
2185,175937.0,382196.0,center4
2186,181379.0,381276.0,center4
2187,183451.0,377122.0,center4
2188,183803.0,378209.0,center4
2189,187314.0,378344.0,center4
2190,176572.0,377799.0,center4
2191,184315.0,381549.0,center4
2192,180258.0,381098.0,center4
2193,178521.0,379136.0,center4
2194,178652.0,376722.0,center4
2195,182813.0,379256.0,center4
2196,182055.0,382084.0,center4
2197,174288.0,379021.0,center4
2198,183240.0,384856.0,center4
2199,182610.0,377686.0,center4
2200,179253.0,380851.0,center4
2201,176897.0,383312.0,center4
2202,177566.0,377050.0,center4
2203,176091.0,379433.0,center4
2204,179841.0,376162.0,center4
2205,178771.0,376947.0,center4
2206,179014.0,375348.0,center4
2207,180700.0,377129.0,center4
2208,179060.0,381063.0,center4
2209,174633.0,378708.0,center4
2210,178107.0,381645.0,center4
2211,178345.0,383068.0,center4
2212,174574.0,380598.0,center4
2213,182801.0,382720.0,center4
2214,173148.0,381690.0,center4
2215,181335.0,387551.0,center4
2216,179068.0,382289.0,center4
2217,178848.0,375190.0,center4
2218,182048.0,381135.0,center4
2219,179040.0,382004.0,center4
2220,179283.0,382894.0,center4
2221,177244.0,382295.0,center4
2222,183560.0,378808.0,center4
2223,183136.0,380401.0,center4
2224,182171.0,381303.0,center4
2225,181680.0,380847.0,center4
2226,182297.0,386614.0,center4
2227,182195.0,375171.0,center4
2228,181246.0,382817.0,center4
2229,181997.0,383933.0,center4
2230,177758.0,377917.0,center4
2231,180093.0,381569.0,center4
2232,181740.0,379894.0,center4
2233,177706.0,376519.0,center4
2234,180002.0,380317.0,center4
2235,179407.0,385189.0,center4
2236,183926.0,379137.0,center4
2237,181494.0,382124.0,center4
2238,183461.0,376818.0,center4
2239,181969.0,377297.0,center4
2240,183191.0,376421.0,center4
2241,179701.0,375456.0,center4
2242,180364.0,377071.0,center4
2243,178014.0,376971.0,center4
2244,181226.0,378732.0,center4
2245,189722.0,375801.0,center4
2246,180309.0,378436.0,center4
2247,179856.0,377547.0,center4
2248,182714.0,377774.0,center4
2249,175055.0,378509.0,center4
2250,183568.0,384044.0,center4
2251,177320.0,379717.0,center4
2252,181795.0,381504.0,center4
2253,180875.0,385076.0,center4
2254,179788.0,382133.0,center4
2255,177732.0,380180.0,center4
2256,181320.0,383549.0,center4
2257,183556.0,387372.0,center4
2258,182159.0,378589.0,center4
2259,184415.0,383111.0,center4
2260,175609.0,377000.0,center4
2261,180061.0,376078.0,center4
2262,175730.0,377442.0,center4
2263,180363.0,379804.0,center4
2264,181713.0,373999.0,center4
2265,177572.0,374727.0,center4
2266,184057.0,380226.0,center4
2267,178498.0,381739.0,center4
2268,181971.0,382669.0,center4
2269,178900.0,381266.0,center4
2270,177602.0,379194.0,center4
2271,177669.0,381435.0,center4
2272,175411.0,387385.0,center4
2273,184809.0,386701.0,center4
2274,172261.0,379039.0,center4
2275,175921.0,384042.0,center4
2276,173724.0,377420.0,center4
2277,175753.0,380679.0,center4
2278,171171.0,379572.0,center4
2279,181904.0,382592.0,center4
2280,180128.0,376190.0,center4
2281,176740.0,381638.0,center4
2282,175886.0,380119.0,center4
2283,175832.0,380618.0,center4
2284,179119.0,376675.0,center4
2285,173606.0,378122.0,center4
2286,181286.0,375270.0,center4
2287,179716.0,377663.0,center4
2288,178918.0,376840.0,center4
2289,182063.0,379106.0,center4
2290,181093.0,380642.0,center4
2291,178910.0,382559.0,center4
2292,180097.0,376646.0,center4
2293,179578.0,380882.0,center4
2294,178020.0,383221.0,center4
2295,183515.0,383376.0,center4
2296,183802.0,375363.0,center4
2297,180229.0,382326.0,center4
2298,176753.0,379144.0,center4
2299,176291.0,383976.0,center4
2300,180794.0,383003.0,center4
2301,179163.0,378819.0,center4
2302,177428.0,380591.0,center4
2303,180417.0,381649.0,center4
2304,176254.0,371881.0,center4
2305,181077.0,378176.0,center4
2306,174965.0,378252.0,center4
2307,172241.0,375622.0,center4
2308,179342.0,372910.0,center4
2309,176895.0,382333.0,center4
2310,184842.0,378553.0,center4
2311,184341.0,384122.0,center4
2312,178064.0,376791.0,center4
2313,176943.0,382693.0,center4
2314,179316.0,382145.0,center4
2315,179000.0,381662.0,center4
2316,184381.0,377172.0,center4
2317,178899.0,379329.0,center4
2318,183812.0,378903.0,center4
2319,183913.0,377371.0,center4
2320,187968.0,379397.0,center4
2321,178800.0,374779.0,center4
2322,178497.0,379354.0,center4
2323,185299.0,379909.0,center4
2324,177665.0,377151.0,center4
2325,174259.0,381431.0,center4
2326,180274.0,376728.0,center4
2327,181582.0,379377.0,center4
2328,178852.0,381537.0,center4
2329,178891.0,380560.0,center4
2330,175690.0,372026.0,center4
2331,185448.0,378114.0,center4
2332,180637.0,378786.0,center4
2333,178268.0,378086.0,center4
2334,181271.0,375870.0,center4
2335,182639.0,380128.0,center4
2336,176685.0,379141.0,center4
2337,180712.0,384097.0,center4
2338,178475.0,380201.0,center4
2339,185220.0,382742.0,center4
2340,180503.0,379640.0,center4
2341,176443.0,373901.0,center4
2342,179649.0,375329.0,center4
2343,181420.0,377778.0,center4
2344,186643.0,379300.0,center4
2345,180125.0,381826.0,center4
2346,181807.0,377555.0,center4
2347,183797.0,378401.0,center4
2348,181609.0,380966.0,center4
2349,177250.0,377957.0,center4
2350,179491.0,376084.0,center4
2351,177920.0,378049.0,center4
2352,182235.0,378083.0,center4
2353,184871.0,382662.0,center4
2354,179931.0,380691.0,center4
2355,183335.0,382051.0,center4
2356,177797.0,378333.0,center4
2357,180504.0,386710.0,center4
2358,179442.0,380287.0,center4
2359,185155.0,377621.0,center4
2360,180930.0,375928.0,center4
2361,182428.0,380553.0,center4
2362,178921.0,378613.0,center4
2363,177997.0,375546.0,center4
2364,181248.0,378647.0,center4
2365,177412.0,374619.0,center4
2366,175694.0,381717.0,center4
2367,179045.0,386020.0,center4
2368,185057.0,382835.0,center4
2369,178759.0,378859.0,center4
2370,180698.0,384348.0,center4
2371,178122.0,380728.0,center4
2372,173516.0,372370.0,center4
2373,180001.0,379545.0,center4
2374,185356.0,380783.0,center4
2375,178952.0,381664.0,center4
2376,176363.0,379119.0,center4
2377,176867.0,383380.0,center4
2378,181152.0,375935.0,center4
2379,178671.0,387605.0,center4
2380,183110.0,384566.0,center4
2381,179128.0,379136.0,center4
2382,173405.0,380247.0,center4
2383,178610.0,377115.0,center4
2384,182251.0,377297.0,center4
2385,183246.0,380564.0,center4
2386,184063.0,383508.0,center4
2387,183165.0,383230.0,center4
2388,183394.0,387046.0,center4
2389,185989.0,379574.0,center4
2390,184852.0,379784.0,center4
2391,180555.0,371452.0,center4
2392,178494.0,378879.0,center4
2393,179115.0,380371.0,center4
2394,182222.0,380341.0,center4
2395,183821.0,378344.0,center4
2396,179217.0,375871.0,center4
2397,184783.0,379185.0,center4
2398,177708.0,386695.0,center4
2399,178528.0,376930.0,center4
2400,178776.0,379886.0,center4
2401,177907.0,376148.0,center4
2402,182751.0,383939.0,center4
2403,179408.0,382415.0,center4
2404,185855.0,381090.0,center4
2405,179981.0,379848.0,center4
2406,185902.0,385243.0,center4
2407,172316.0,381049.0,center4
2408,181144.0,380103.0,center4
2409,180896.0,380520.0,center4
2410,186120.0,385454.0,center4
2411,180828.0,381640.0,center4
2412,185626.0,381409.0,center4
2413,185985.0,382388.0,center4
2414,178038.0,379494.0,center4
2415,176235.0,376517.0,center4
2416,182714.0,381428.0,center4
2417,177423.0,374638.0,center4
2418,179503.0,377766.0,center4
2419,178194.0,383148.0,center4
2420,180319.0,377846.0,center4
2421,181886.0,381038.0,center4
2422,182252.0,379548.0,center4
2423,180429.0,380916.0,center4
2424,177006.0,381033.0,center4
2425,177322.0,378156.0,center4
2426,180924.0,373408.0,center4
2427,173093.0,382522.0,center4
2428,176286.0,377873.0,center4
2429,175049.0,380401.0,center4
2430,178963.0,382947.0,center4
2431,181534.0,376748.0,center4
2432,187478.0,384700.0,center4
2433,179987.0,382331.0,center4
2434,176624.0,380047.0,center4
2435,178566.0,378728.0,center4
2436,181449.0,383937.0,center4
2437,183231.0,381726.0,center4
2438,178548.0,381530.0,center4
2439,179985.0,388472.0,center4
2440,183750.0,382120.0,center4
2441,180708.0,383773.0,center4
2442,180254.0,379866.0,center4
2443,178953.0,385566.0,center4
2444,178784.0,379579.0,center4
2445,183346.0,377204.0,center4
2446,178319.0,379780.0,center4
2447,179851.0,374586.0,center4
2448,176731.0,383630.0,center4
2449,181909.0,376465.0,center4
2450,180788.0,380965.0,center4
2451,181396.0,383017.0,center4
2452,179915.0,381510.0,center4
2453,177653.0,380941.0,center4
2454,179730.0,377253.0,center4
2455,175939.0,379421.0,center4
2456,178929.0,382820.0,center4
2457,187296.0,378327.0,center4
2458,185288.0,376641.0,center4
2459,182744.0,378076.0,center4
2460,181385.0,382827.0,center4
2461,182614.0,379397.0,center4
2462,181232.0,380824.0,center4
2463,182946.0,374805.0,center4
2464,183813.0,377950.0,center4
2465,176770.0,377476.0,center4
2466,179396.0,375956.0,center4
2467,179914.0,383685.0,center4
2468,178245.0,383096.0,center4
2469,176856.0,374754.0,center4
2470,184023.0,381188.0,center4
2471,182112.0,377173.0,center4
2472,177120.0,379190.0,center4
2473,176671.0,379811.0,center4
2474,181351.0,385514.0,center4
2475,177822.0,380948.0,center4
2476,176211.0,377556.0,center4
2477,179217.0,382538.0,center4
2478,177329.0,382489.0,center4
2479,182687.0,380704.0,center4
2480,187294.0,387784.0,center4
2481,174621.0,378937.0,center4
2482,182648.0,378820.0,center4
2483,181336.0,381852.0,center4
2484,177336.0,375636.0,center4
2485,183041.0,379009.0,center4
2486,177191.0,378020.0,center4
2487,174048.0,383704.0,center4
2488,176448.0,381869.0,center4
2489,181828.0,382095.0,center4
2490,181298.0,383024.0,center4
2491,183171.0,383147.0,center4
2492,181552.0,380258.0,center4
2493,183986.0,375944.0,center4
2494,173660.0,374077.0,center4
2495,179037.0,380023.0,center4
2496,178851.0,385119.0,center4
2497,179817.0,382596.0,center4
2498,183375.0,383634.0,center4
2499,177861.0,385430.0,center4
2500,180798.0,378553.0,center4
2501,173958.0,377402.0,center4
2502,177105.0,383178.0,center4
2503,182973.0,378041.0,center4
2504,174487.0,386371.0,center4
2505,184474.0,383250.0,center4
2506,178469.0,377848.0,center4
2507,181669.0,378992.0,center4
2508,176280.0,381270.0,center4
2509,182387.0,382482.0,center4
2510,179996.0,383676.0,center4
2511,183966.0,381466.0,center4
2512,178271.0,376634.0,center4
2513,177675.0,380061.0,center4
2514,177609.0,374927.0,center4
2515,186245.0,382437.0,center4
2516,178957.0,381696.0,center4
2517,174912.0,379953.0,center4
2518,183000.0,377387.0,center4
2519,180079.0,384014.0,center4
2520,178875.0,382996.0,center4
2521,181634.0,377924.0,center4
2522,182806.0,376082.0,center4
2523,177985.0,382958.0,center4
2524,180351.0,381950.0,center4
2525,179018.0,380015.0,center4
2526,178172.0,380621.0,center4
2527,181504.0,382344.0,center4
2528,182281.0,378871.0,center4
2529,175667.0,384456.0,center4
2530,183511.0,381442.0,center4
2531,180471.0,377635.0,center4
2532,179254.0,378373.0,center4
2533,174977.0,384232.0,center4
2534,179187.0,377874.0,center4
2535,179780.0,376641.0,center4
2536,180328.0,383666.0,center4
2537,178620.0,380866.0,center4
2538,182929.0,387226.0,center4
2539,184959.0,379653.0,center4
2540,183933.0,382401.0,center4
2541,179271.0,379866.0,center4
2542,181061.0,381466.0,center4
2543,181286.0,375127.0,center4
2544,178034.0,380589.0,center4
2545,179964.0,382397.0,center4
2546,178135.0,379795.0,center4
2547,180217.0,378890.0,center4
2548,185091.0,380591.0,center4
2549,179409.0,373367.0,center4
2550,177689.0,383676.0,center4
2551,184356.0,381512.0,center4
2552,182761.0,382008.0,center4
2553,178339.0,381894.0,center4
2554,177669.0,380669.0,center4
2555,184462.0,384909.0,center4
2556,180099.0,376489.0,center4
2557,180586.0,379824.0,center4
2558,181105.0,383522.0,center4
2559,178011.0,379755.0,center4
2560,183443.0,382367.0,center4
2561,187441.0,375647.0,center4
2562,172133.0,380311.0,center4
2563,180626.0,383471.0,center4
2564,182989.0,373251.0,center4
2565,177483.0,379007.0,center4
2566,180284.0,376085.0,center4
2567,180539.0,376813.0,center4
2568,178103.0,381676.0,center4
2569,182234.0,383654.0,center4
2570,183842.0,379725.0,center4
2571,180706.0,378437.0,center4
2572,181169.0,385788.0,center4
2573,178272.0,379556.0,center4
2574,183537.0,381551.0,center4
2575,179715.0,378877.0,center4
2576,181393.0,381736.0,center4
2577,183715.0,376526.0,center4
2578,179060.0,379974.0,center4
2579,179386.0,377152.0,center4
2580,180286.0,379426.0,center4
2581,179294.0,382099.0,center4
2582,175987.0,385764.0,center4
2583,181525.0,378730.0,center4
2584,175441.0,381222.0,center4
2585,179037.0,378466.0,center4
2586,175546.0,379836.0,center4
2587,184116.0,389167.0,center4
2588,180270.0,380598.0,center4
2589,181515.0,378273.0,center4
2590,179169.0,383070.0,center4
2591,185018.0,383412.0,center4
2592,178722.0,375084.0,center4
2593,183642.0,378350.0,center4
2594,183647.0,378955.0,center4
2595,178338.0,379036.0,center4
2596,181358.0,380466.0,center4
2597,180400.0,378277.0,center4
2598,186688.0,382033.0,center4
2599,176856.0,381167.0,center4
2600,174989.0,376848.0,center4
2601,180983.0,381281.0,center4
2602,176934.0,376164.0,center4
2603,178137.0,382409.0,center4
2604,181048.0,379432.0,center4
2605,175895.0,381855.0,center4
2606,183389.0,377213.0,center4
2607,181333.0,382593.0,center4
2608,184498.0,379581.0,center4
2609,179014.0,379673.0,center4
2610,182887.0,379434.0,center4
2611,176462.0,381758.0,center4
2612,180762.0,385748.0,center4
2613,183553.0,383175.0,center4
2614,177950.0,379888.0,center4
2615,180276.0,377675.0,center4
2616,185169.0,380781.0,center4
2617,177519.0,376613.0,center4
2618,176489.0,379374.0,center4
2619,182952.0,383259.0,center4
2620,179926.0,379717.0,center4
2621,176519.0,383405.0,center4
2622,177174.0,378150.0,center4
2623,181095.0,381486.0,center4
2624,180774.0,381116.0,center4
2625,178888.0,375483.0,center4
2626,180724.0,378430.0,center4
2627,181785.0,383340.0,center4
2628,177688.0,376189.0,center4
2629,178989.0,379417.0,center4
2630,177705.0,376705.0,center4
2631,184237.0,377342.0,center4
2632,175956.0,376696.0,center4
2633,185104.0,383100.0,center4
2634,178198.0,379840.0,center4
2635,179994.0,381177.0,center4
2636,183028.0,378556.0,center4
2637,182333.0,379841.0,center4
2638,178920.0,382526.0,center4
2639,182810.0,376230.0,center4
2640,176269.0,377240.0,center4
2641,184369.0,383648.0,center4
2642,183670.0,385698.0,center4
2643,180059.0,377290.0,center4
2644,181277.0,381510.0,center4
2645,183097.0,376387.0,center4
2646,178964.0,381966.0,center4
2647,181725.0,380591.0,center4
2648,182173.0,377027.0,center4
2649,181176.0,381719.0,center4
2650,175508.0,383529.0,center4
2651,178939.0,379398.0,center4
2652,173751.0,376548.0,center4
2653,178789.0,376361.0,center4
2654,177502.0,375843.0,center4
2655,179696.0,381223.0,center4
2656,181193.0,381187.0,center4
2657,182625.0,377797.0,center4
2658,179547.0,382327.0,center4
2659,180127.0,376660.0,center4
2660,183204.0,385000.0,center4
2661,184101.0,373715.0,center4
2662,180688.0,379207.0,center4
2663,182724.0,382643.0,center4
2664,177692.0,379808.0,center4
2665,185014.0,380656.0,center4
2666,177904.0,378190.0,center4
2667,177573.0,385941.0,center4
2668,181702.0,378722.0,center4
2669,179793.0,382176.0,center4
2670,174983.0,383309.0,center4
2671,183407.0,379272.0,center4
2672,182198.0,384778.0,center4
2673,185210.0,381918.0,center4
2674,180932.0,375412.0,center4
2675,182229.0,378740.0,center4
2676,176359.0,379179.0,center4
2677,185880.0,382595.0,center4
2678,187499.0,382992.0,center4
2679,178794.0,382073.0,center4
2680,177803.0,375227.0,center4
2681,183163.0,375516.0,center4
2682,176410.0,383875.0,center4
2683,180486.0,382639.0,center4
2684,179574.0,381254.0,center4
2685,182614.0,385126.0,center4
2686,173774.0,385189.0,center4
2687,180390.0,377609.0,center4
2688,180828.0,380215.0,center4
2689,174399.0,380796.0,center4
2690,179498.0,380328.0,center4
2691,181990.0,380837.0,center4
2692,175966.0,380207.0,center4
2693,179051.0,383324.0,center4
2694,180622.0,371414.0,center4
2695,178347.0,379816.0,center4
2696,184975.0,379710.0,center4
2697,182433.0,378769.0,center4
2698,178170.0,380270.0,center4
2699,181049.0,381786.0,center4
2700,183570.0,379460.0,center4
2701,180785.0,380136.0,center4
2702,181761.0,374985.0,center4
2703,182034.0,376697.0,center4
2704,182337.0,379059.0,center4
2705,175817.0,379046.0,center4
2706,177860.0,376429.0,center4
2707,178884.0,376174.0,center4
2708,174948.0,381423.0,center4
2709,175567.0,379981.0,center4
2710,181131.0,384445.0,center4
2711,181135.0,381831.0,center4
2712,182924.0,376625.0,center4
2713,181156.0,373135.0,center4
2714,177575.0,380196.0,center4
2715,179950.0,379280.0,center4
2716,177734.0,381518.0,center4
2717,182742.0,383150.0,center4
2718,175222.0,378892.0,center4
2719,182718.0,380740.0,center4
2720,181575.0,377888.0,center4
2721,182445.0,384024.0,center4
2722,178170.0,379980.0,center4
2723,180623.0,378387.0,center4
2724,179870.0,378548.0,center4
2725,175222.0,385243.0,center4
2726,181533.0,381752.0,center4
2727,181400.0,381463.0,center4
2728,177650.0,380825.0,center4
2729,183921.0,381822.0,center4
2730,174418.0,380928.0,center4
2731,178700.0,379890.0,center4
2732,178764.0,385262.0,center4
2733,177743.0,379021.0,center4
2734,177900.0,377136.0,center4
2735,181528.0,378854.0,center4
2736,177237.0,383446.0,center4
2737,180218.0,382481.0,center4
2738,178656.0,383553.0,center4
2739,179594.0,379286.0,center4
2740,186111.0,381086.0,center4
2741,178286.0,374120.0,center4
2742,182800.0,383255.0,center4
2743,180120.0,379674.0,center4
2744,180100.0,380186.0,center4
2745,173983.0,382587.0,center4
2746,183228.0,379463.0,center4
2747,180489.0,381404.0,center4
2748,178628.0,377604.0,center4
2749,180118.0,378338.0,center4
2750,179655.0,381670.0,center4
2751,185793.0,379913.0,center4
2752,176500.0,374724.0,center4
2753,178224.0,378130.0,center4
2754,180831.0,389238.0,center4
2755,185863.0,382137.0,center4
2756,180814.0,380758.0,center4
2757,183514.0,379064.0,center4
2758,182380.0,374513.0,center4
2759,182274.0,380654.0,center4
2760,184072.0,370719.0,center4
2761,187246.0,377819.0,center4
2762,180467.0,375468.0,center4
2763,179083.0,379237.0,center4
2764,180592.0,383437.0,center4
2765,179041.0,381528.0,center4
2766,172691.0,377873.0,center4
2767,179633.0,374846.0,center4
2768,180531.0,378376.0,center4
2769,178842.0,376154.0,center4
2770,179314.0,381283.0,center4
2771,183909.0,378548.0,center4
2772,180261.0,384484.0,center4
2773,179905.0,379621.0,center4
2774,177909.0,375012.0,center4
2775,178238.0,380073.0,center4
2776,179681.0,382225.0,center4
2777,180405.0,378480.0,center4
2778,181229.0,382067.0,center4
2779,185171.0,381585.0,center4
2780,184290.0,381639.0,center4
2781,176214.0,378594.0,center4
2782,185555.0,380154.0,center4
2783,176884.0,379266.0,center4
2784,188131.0,380409.0,center4
2785,180630.0,375483.0,center4
2786,178613.0,379804.0,center4
2787,173608.0,375615.0,center4
2788,178741.0,380277.0,center4
2789,184877.0,376818.0,center4
2790,178695.0,384157.0,center4
2791,178574.0,382441.0,center4
2792,175848.0,377888.0,center4
2793,176288.0,386125.0,center4
2794,178170.0,383402.0,center4
2795,181139.0,382799.0,center4
2796,173478.0,372826.0,center4
2797,182110.0,376228.0,center4
2798,178479.0,377638.0,center4
2799,182544.0,379223.0,center4
2800,179986.0,375872.0,center4
2801,178600.0,381921.0,center4
2802,181590.0,378514.0,center4
2803,181597.0,379639.0,center4
2804,186404.0,378914.0,center4
2805,175885.0,379311.0,center4
2806,177780.0,384095.0,center4
2807,176131.0,373854.0,center4
2808,178197.0,376795.0,center4
2809,178402.0,378358.0,center4
2810,178604.0,381606.0,center4
2811,178517.0,376633.0,center4
2812,178386.0,378187.0,center4
2813,179250.0,382138.0,center4
2814,181354.0,376272.0,center4
2815,183522.0,383648.0,center4
2816,178846.0,380961.0,center4
2817,185779.0,382371.0,center4
2818,182760.0,380229.0,center4
2819,183857.0,377247.0,center4
2820,176900.0,374657.0,center4
2821,174219.0,379904.0,center4
2822,181034.0,382355.0,center4
2823,181089.0,382388.0,center4
2824,174623.0,379192.0,center4
2825,175301.0,384716.0,center4
2826,181113.0,380694.0,center4
2827,183278.0,379060.0,center4
2828,184289.0,380760.0,center4
2829,177096.0,377772.0,center4
2830,181912.0,382354.0,center4
2831,181942.0,385092.0,center4
2832,179899.0,383262.0,center4
2833,176674.0,380449.0,center4
2834,176507.0,375369.0,center4
2835,182342.0,378231.0,center4
2836,174681.0,380736.0,center4
2837,179067.0,379666.0,center4
2838,180444.0,384394.0,center4
2839,183456.0,382425.0,center4
2840,178864.0,375375.0,center4
2841,175597.0,381551.0,center4
2842,181101.0,382214.0,center4
2843,177724.0,385281.0,center4
2844,185621.0,380831.0,center4
2845,177255.0,380553.0,center4
2846,180541.0,375097.0,center4
2847,186459.0,379197.0,center4
2848,183333.0,375634.0,center4
2849,179947.0,379529.0,center4
2850,181515.0,377699.0,center4
2851,187598.0,376707.0,center4
2852,184429.0,380429.0,center4
2853,175799.0,376935.0,center4
2854,180584.0,384047.0,center4
2855,183367.0,387345.0,center4
2856,175146.0,379995.0,center4
2857,180913.0,380979.0,center4
2858,179784.0,373817.0,center4
2859,180912.0,384803.0,center4
2860,177454.0,377783.0,center4
2861,174223.0,380652.0,center4
2862,176609.0,379027.0,center4
2863,185929.0,381674.0,center4
2864,179590.0,379687.0,center4
2865,176991.0,380110.0,center4
2866,184642.0,377116.0,center4
2867,182906.0,380708.0,center4
2868,177272.0,375044.0,center4
2869,183399.0,379998.0,center4
2870,183511.0,380926.0,center4
2871,177553.0,378879.0,center4
2872,181707.0,381196.0,center4
2873,178828.0,382667.0,center4
2874,183955.0,375380.0,center4
2875,176009.0,375022.0,center4
2876,178708.0,377921.0,center4
2877,182596.0,381607.0,center4
2878,179748.0,381063.0,center4
2879,181823.0,379064.0,center4
2880,185495.0,382375.0,center4
2881,178652.0,386406.0,center4
2882,176535.0,376258.0,center4
2883,184940.0,377832.0,center4
2884,178617.0,374104.0,center4
2885,181007.0,380521.0,center4
2886,178160.0,382317.0,center4
2887,175039.0,378335.0,center4
2888,177004.0,383130.0,center4
2889,184150.0,379686.0,center4
2890,178687.0,380636.0,center4
2891,179525.0,383143.0,center4
2892,180949.0,381945.0,center4
2893,183721.0,381365.0,center4
2894,180482.0,384536.0,center4
2895,179183.0,377042.0,center4
2896,177304.0,378268.0,center4
2897,181843.0,381116.0,center4
2898,173396.0,378216.0,center4
2899,176284.0,377854.0,center4
2900,182328.0,382499.0,center4
2901,181413.0,378544.0,center4
2902,175962.0,380839.0,center4
2903,181698.0,379593.0,center4
2904,181485.0,378777.0,center4
2905,176255.0,381064.0,center4
2906,179773.0,380893.0,center4
2907,185066.0,374297.0,center4
2908,178439.0,378777.0,center4
2909,175739.0,376180.0,center4
2910,180502.0,380402.0,center4
2911,178229.0,377565.0,center4
2912,178866.0,379842.0,center4
2913,181297.0,384074.0,center4
2914,179827.0,385337.0,center4
2915,178794.0,382392.0,center4
2916,176737.0,374645.0,center4
2917,177406.0,384357.0,center4
2918,176763.0,383059.0,center4
2919,178086.0,380606.0,center4
2920,185567.0,388204.0,center4
2921,180467.0,378596.0,center4
2922,178263.0,385470.0,center4
2923,179596.0,376478.0,center4
2924,180776.0,378828.0,center4
2925,180873.0,376398.0,center4
2926,181008.0,381871.0,center4
2927,183449.0,381490.0,center4
2928,178913.0,377842.0,center4
2929,181123.0,375685.0,center4
2930,178044.0,371317.0,center4
2931,174121.0,376412.0,center4
2932,178191.0,375305.0,center4
2933,184484.0,382528.0,center4
2934,178879.0,383278.0,center4
2935,183231.0,374023.0,center4
2936,181903.0,374692.0,center4
2937,178111.0,378304.0,center4
2938,186051.0,383586.0,center4
2939,182762.0,384219.0,center4
2940,182854.0,384912.0,center4
2941,177123.0,378465.0,center4
2942,177954.0,377726.0,center4
2943,182044.0,376952.0,center4
2944,183794.0,382113.0,center4
2945,179917.0,382398.0,center4
2946,185414.0,375727.0,center4
2947,179596.0,379520.0,center4
2948,182271.0,378555.0,center4
2949,180011.0,381896.0,center4
2950,183459.0,383945.0,center4
2951,178966.0,383671.0,center4
2952,179901.0,381524.0,center4
2953,175230.0,378206.0,center4
2954,180956.0,378593.0,center4
2955,180284.0,376333.0,center4
2956,181670.0,383831.0,center4
2957,181069.0,377280.0,center4
2958,177883.0,373661.0,center4
2959,182100.0,377608.0,center4
2960,188254.0,385391.0,center4
2961,177972.0,380593.0,center4
2962,182948.0,379141.0,center4
2963,178173.0,380460.0,center4
2964,177127.0,380935.0,center4
2965,176449.0,381023.0,center4
2966,181819.0,379615.0,center4
2967,180105.0,387198.0,center4
2968,182763.0,383606.0,center4
2969,179399.0,372146.0,center4
2970,176283.0,376635.0,center4
2971,179373.0,379835.0,center4
2972,179767.0,381541.0,center4
2973,181937.0,379298.0,center4
2974,176172.0,379473.0,center4
2975,174172.0,378395.0,center4
2976,181451.0,376003.0,center4
2977,177544.0,386456.0,center4
2978,178448.0,379228.0,center4
2979,181740.0,387488.0,center4
2980,180058.0,377205.0,center4
2981,180522.0,379243.0,center4
2982,183745.0,376256.0,center4
2983,183371.0,377645.0,center4
2984,180011.0,382839.0,center4
2985,178319.0,382210.0,center4
2986,176225.0,376868.0,center4
2987,180999.0,380575.0,center4
2988,187315.0,379346.0,center4
2989,183311.0,382935.0,center4
2990,180711.0,377651.0,center4
2991,176528.0,384548.0,center4
2992,176123.0,374734.0,center4
2993,178324.0,380747.0,center4
2994,168166.0,374056.0,center4
2995,181320.0,377849.0,center4
2996,183932.0,377009.0,center4
2997,180350.0,384908.0,center4
2998,178966.0,379385.0,center4
2999,184278.0,381453.0,center4
3000,178647.0,375328.0,center4
3001,178168.0,376796.0,center4
3002,182928.0,381386.0,center4
3003,180017.0,379677.0,center4
3004,177994.0,381878.0,center4
3005,182714.0,383912.0,center4
3006,178480.0,376955.0,center4
3007,184711.0,377417.0,center4
3008,178010.0,381236.0,center4
3009,178122.0,379432.0,center4
3010,178012.0,379842.0,center4
3011,181127.0,377326.0,center4
3012,184127.0,377428.0,center4
3013,181156.0,381521.0,center4
3014,182442.0,385153.0,center4
3015,183970.0,379307.0,center4
3016,179594.0,383446.0,center4
3017,183000.0,384610.0,center4
3018,179606.0,383334.0,center4
3019,186641.0,385435.0,center4
3020,180823.0,381211.0,center4
3021,178275.0,374748.0,center4
3022,180318.0,377440.0,center4
3023,177682.0,379282.0,center4
3024,175180.0,374950.0,center4
3025,181106.0,378461.0,center4
3026,180736.0,384084.0,center4
3027,182068.0,377751.0,center4
3028,177328.0,380371.0,center4
3029,177454.0,380630.0,center4
3030,178448.0,385651.0,center4
3031,176820.0,378890.0,center4
3032,188511.0,382882.0,center4
3033,181175.0,376243.0,center4
3034,177935.0,377034.0,center4
3035,181342.0,381162.0,center4
3036,183888.0,382039.0,center4
3037,182143.0,378729.0,center4
3038,182899.0,381154.0,center4
3039,181520.0,378035.0,center4
3040,175234.0,381330.0,center4
3041,177597.0,377550.0,center4
3042,183352.0,381126.0,center4
3043,179374.0,381046.0,center4
3044,180820.0,384590.0,center4
3045,181755.0,376685.0,center4
3046,176770.0,380350.0,center4
3047,180601.0,374628.0,center4
3048,178625.0,380262.0,center4
3049,175338.0,382002.0,center4
3050,181244.0,376767.0,center4
3051,177331.0,379088.0,center4
3052,178410.0,383707.0,center4
3053,175765.0,384786.0,center4
3054,178093.0,379816.0,center4
3055,181390.0,384814.0,center4
3056,184970.0,379998.0,center4
3057,176422.0,376892.0,center4
3058,181092.0,379782.0,center4
3059,181655.0,374683.0,center4
3060,183301.0,377730.0,center4
3061,183984.0,378444.0,center4
3062,176503.0,383987.0,center4
3063,180194.0,380720.0,center4
3064,183892.0,386821.0,center4
3065,181724.0,381573.0,center4
3066,184427.0,381555.0,center4
3067,183847.0,379681.0,center4
3068,187412.0,377936.0,center4
3069,171715.0,379705.0,center4
3070,178951.0,378712.0,center4
3071,178929.0,374993.0,center4
3072,175498.0,381170.0,center4
3073,178352.0,379316.0,center4
3074,184497.0,381274.0,center4
3075,180188.0,378381.0,center4
3076,183038.0,382460.0,center4
3077,185170.0,378634.0,center4
3078,179082.0,381028.0,center4
3079,178705.0,381973.0,center4
3080,175835.0,379189.0,center4
3081,179123.0,377016.0,center4
3082,177740.0,380525.0,center4
3083,179307.0,383320.0,center4
3084,179287.0,373076.0,center4
3085,177697.0,380128.0,center4
3086,176380.0,380082.0,center4
3087,178806.0,380982.0,center4
3088,180046.0,378813.0,center4
3089,177168.0,380781.0,center4
3090,181114.0,378368.0,center4
3091,179544.0,380758.0,center4
3092,179176.0,383530.0,center4
3093,182883.0,380003.0,center4
3094,187293.0,377334.0,center4
3095,182680.0,379943.0,center4
3096,182032.0,381569.0,center4
3097,180015.0,379151.0,center4
3098,180410.0,385268.0,center4
3099,181839.0,378796.0,center4
3100,178251.0,378488.0,center4
3101,175280.0,384656.0,center4
3102,181357.0,381075.0,center4
3103,177781.0,381462.0,center4
3104,181245.0,384321.0,center4
3105,177374.0,377676.0,center4
3106,176036.0,379019.0,center4
3107,175562.0,382292.0,center4
3108,180889.0,377582.0,center4
3109,186181.0,381370.0,center4
3110,180634.0,376403.0,center4
3111,181551.0,381758.0,center4
3112,180455.0,387080.0,center4
3113,180728.0,379561.0,center4
3114,187480.0,379482.0,center4
3115,177529.0,384979.0,center4
3116,179498.0,376998.0,center4
3117,177870.0,378602.0,center4
3118,182258.0,380123.0,center4
3119,180807.0,381991.0,center4
3120,178965.0,376470.0,center4
3121,182347.0,377190.0,center4
3122,176820.0,380640.0,center4
3123,180378.0,379443.0,center4
3124,180634.0,374790.0,center4
3125,184977.0,375075.0,center4
3126,181703.0,374720.0,center4
3127,180105.0,380073.0,center4
3128,175757.0,381001.0,center4
3129,175349.0,381634.0,center4
3130,181868.0,376845.0,center4
3131,177786.0,373452.0,center4
3132,179237.0,381787.0,center4
3133,177251.0,379460.0,center4
3134,180574.0,380002.0,center4
3135,180721.0,378794.0,center4
3136,185517.0,379571.0,center4
3137,185749.0,386559.0,center4
3138,183357.0,379852.0,center4
3139,183428.0,381950.0,center4
3140,176301.0,372798.0,center4
3141,184034.0,375724.0,center4
3142,177022.0,377243.0,center4
3143,174942.0,379956.0,center4
3144,190013.0,382139.0,center4
3145,181008.0,387998.0,center4
3146,177904.0,374261.0,center4
3147,180025.0,374565.0,center4
3148,180218.0,379137.0,center4
3149,173454.0,376610.0,center4
3150,177737.0,376506.0,center4
3151,181674.0,383166.0,center4
3152,180112.0,378669.0,center4
3153,174741.0,380948.0,center4
3154,178446.0,380485.0,center4
3155,179525.0,374916.0,center4
3156,180257.0,382435.0,center4
3157,174691.0,378663.0,center4
3158,180807.0,377997.0,center4
3159,184835.0,380002.0,center4
3160,174963.0,380734.0,center4
3161,181388.0,383615.0,center4
3162,184249.0,380746.0,center4
3163,181203.0,374694.0,center4
3164,181863.0,382811.0,center4
3165,178498.0,378130.0,center4
3166,179414.0,385747.0,center4
3167,176380.0,381557.0,center4
3168,179616.0,382020.0,center4
3169,178252.0,378752.0,center4
3170,177919.0,377139.0,center4
3171,184577.0,378161.0,center4
3172,179630.0,375883.0,center4
3173,181992.0,377608.0,center4
3174,181187.0,383838.0,center4
3175,176791.0,377797.0,center4
3176,174024.0,379215.0,center4
3177,175466.0,384447.0,center4
3178,180873.0,378518.0,center4
3179,179047.0,379271.0,center4
3180,182402.0,382415.0,center4
3181,178799.0,380507.0,center4
3182,175819.0,381037.0,center4
3183,180305.0,378840.0,center4
3184,183482.0,379792.0,center4
3185,180839.0,385181.0,center4
3186,179412.0,386302.0,center4
3187,178669.0,379759.0,center4
3188,184010.0,377965.0,center4
3189,182891.0,380003.0,center4
3190,178641.0,378047.0,center4
3191,175742.0,377313.0,center4
3192,177111.0,373499.0,center4
3193,181054.0,375228.0,center4
3194,176545.0,379562.0,center4
3195,178776.0,377842.0,center4
3196,179613.0,384122.0,center4
3197,177914.0,373967.0,center4
3198,178025.0,376880.0,center4
3199,179284.0,381510.0,center4
3200,178258.0,381301.0,center4
3201,175755.0,378190.0,center4
3202,182329.0,377076.0,center4
3203,177092.0,372248.0,center4
3204,183273.0,378830.0,center4
3205,178914.0,381369.0,center4
3206,179026.0,379522.0,center4
3207,184097.0,376102.0,center4
3208,180826.0,383090.0,center4
3209,178728.0,382192.0,center4
3210,177385.0,379140.0,center4
3211,178364.0,380095.0,center4
3212,181265.0,380358.0,center4
3213,182679.0,380829.0,center4
3214,180152.0,382444.0,center4
3215,178441.0,378710.0,center4
3216,181061.0,385106.0,center4
3217,182123.0,376610.0,center4
3218,178667.0,378854.0,center4
3219,184564.0,377936.0,center4
3220,178848.0,377790.0,center4
3221,182841.0,375086.0,center4
3222,183062.0,383974.0,center4
3223,180179.0,380258.0,center4
3224,179732.0,379574.0,center4
3225,182758.0,380578.0,center4
3226,174296.0,377193.0,center4
3227,180107.0,378847.0,center4
3228,180219.0,382845.0,center4
3229,181156.0,379906.0,center4
3230,177202.0,381328.0,center4
3231,175541.0,381616.0,center4
3232,171657.0,382401.0,center4
3233,181724.0,378489.0,center4
3234,183409.0,377996.0,center4
3235,178595.0,381053.0,center4
3236,187524.0,377786.0,center4
3237,177973.0,383496.0,center4
3238,175853.0,376208.0,center4
3239,179539.0,383389.0,center4
3240,180335.0,385151.0,center4
3241,182158.0,376162.0,center4
3242,180383.0,383758.0,center4
3243,177585.0,381391.0,center4
3244,175184.0,379882.0,center4
3245,178145.0,379066.0,center4
3246,175687.0,378984.0,center4
3247,182288.0,383007.0,center4
3248,179672.0,377932.0,center4
3249,174140.0,377495.0,center4
3250,181156.0,389839.0,center4
3251,177083.0,384716.0,center4
3252,184270.0,383848.0,center4
3253,180165.0,383031.0,center4
3254,180725.0,379993.0,center4
3255,177510.0,374278.0,center4
3256,181654.0,379564.0,center4
3257,180205.0,382416.0,center4
3258,180684.0,382181.0,center4
3259,178987.0,384947.0,center4
3260,182035.0,384049.0,center4
3261,172287.0,380657.0,center4
3262,180524.0,378316.0,center4
3263,183315.0,379442.0,center4
3264,179397.0,381546.0,center4
3265,181828.0,378701.0,center4
3266,178117.0,378412.0,center4
3267,180546.0,384631.0,center4
3268,178153.0,379394.0,center4
3269,183621.0,375387.0,center4
3270,181486.0,373249.0,center4
3271,184351.0,381207.0,center4
3272,179868.0,378479.0,center4
3273,179812.0,378731.0,center4
3274,180991.0,379660.0,center4
3275,184580.0,380575.0,center4
3276,172442.0,376038.0,center4
3277,174698.0,379390.0,center4
3278,184006.0,373492.0,center4
3279,185988.0,377660.0,center4
3280,179352.0,378695.0,center4
3281,184281.0,381301.0,center4
3282,186863.0,381560.0,center4
3283,180600.0,384046.0,center4
3284,178559.0,385149.0,center4
3285,178491.0,381249.0,center4
3286,179190.0,377318.0,center4
3287,182526.0,381930.0,center4
3288,179460.0,383888.0,center4
3289,186443.0,384194.0,center4
3290,178926.0,380215.0,center4
3291,177736.0,375194.0,center4
3292,181722.0,376117.0,center4
3293,180744.0,378922.0,center4
3294,181463.0,381784.0,center4
3295,173379.0,377483.0,center4
3296,179526.0,375016.0,center4
3297,174202.0,383577.0,center4
3298,180586.0,378635.0,center4
3299,182419.0,383390.0,center4
3300,183730.0,381748.0,center4
3301,182381.0,376131.0,center4
3302,181531.0,380327.0,center4
3303,182452.0,382365.0,center4
3304,179821.0,377824.0,center4
3305,179878.0,377803.0,center4
3306,183227.0,381331.0,center4
3307,183438.0,377078.0,center4
3308,178511.0,377706.0,center4
3309,174317.0,383603.0,center4
3310,172742.0,378192.0,center4
3311,174869.0,380917.0,center4
3312,176837.0,378146.0,center4
3313,181414.0,375284.0,center4
3314,177547.0,378249.0,center4
3315,179730.0,378206.0,center4
3316,181168.0,380749.0,center4
3317,175616.0,377979.0,center4
3318,177311.0,382910.0,center4
3319,177630.0,373295.0,center4
3320,177465.0,380970.0,center4
3321,178611.0,378186.0,center4
3322,182489.0,383284.0,center4
3323,178395.0,380054.0,center4
3324,182196.0,385354.0,center4
3325,181076.0,378822.0,center4
3326,180607.0,379062.0,center4
3327,183083.0,381804.0,center4
3328,186768.0,383991.0,center4
3329,184640.0,376663.0,center4
3330,174991.0,371161.0,center4
3331,181676.0,379568.0,center4
3332,176057.0,380389.0,center4
3333,173641.0,384157.0,center4
3334,176171.0,378797.0,center4
3335,173100.0,379599.0,center4
3336,176423.0,381752.0,center4
3337,184283.0,378482.0,center4
3338,178493.0,376659.0,center4
3339,188477.0,380124.0,center4
3340,181236.0,374534.0,center4
3341,183175.0,381908.0,center4
3342,179538.0,376693.0,center4
3343,179116.0,375017.0,center4
3344,177523.0,379936.0,center4
3345,180509.0,381556.0,center4
3346,175311.0,378793.0,center4
3347,177312.0,381402.0,center4
3348,176619.0,382035.0,center4
3349,180532.0,382199.0,center4
3350,184794.0,379825.0,center4
3351,186823.0,381517.0,center4
3352,174448.0,377707.0,center4
3353,181097.0,384860.0,center4
3354,177932.0,377528.0,center4
3355,176580.0,376032.0,center4
3356,180327.0,378062.0,center4
3357,178508.0,377666.0,center4
3358,180162.0,375993.0,center4
3359,182430.0,376225.0,center4
3360,177042.0,385145.0,center4
3361,179517.0,380163.0,center4
3362,174623.0,376556.0,center4
3363,178788.0,383236.0,center4
3364,183127.0,377297.0,center4
3365,174480.0,384275.0,center4
3366,181236.0,379206.0,center4
3367,175725.0,377154.0,center4
3368,180693.0,384223.0,center4
3369,178576.0,378103.0,center4
3370,179119.0,379940.0,center4
3371,174928.0,381781.0,center4
3372,177119.0,380626.0,center4
3373,179390.0,377928.0,center4
3374,180227.0,373395.0,center4
3375,179395.0,377479.0,center4
3376,177972.0,381945.0,center4
3377,184201.0,383807.0,center4
3378,179385.0,380711.0,center4
3379,177546.0,382672.0,center4
3380,177601.0,380776.0,center4
3381,179761.0,384546.0,center4
3382,182938.0,385011.0,center4
3383,178657.0,378030.0,center4
3384,182756.0,380339.0,center4
3385,180716.0,381964.0,center4
3386,178219.0,383860.0,center4
3387,177416.0,380206.0,center4
3388,180561.0,378436.0,center4
3389,179673.0,379873.0,center4
3390,177138.0,375520.0,center4
3391,177488.0,378074.0,center4
3392,181705.0,377466.0,center4
3393,181650.0,380739.0,center4
3394,179015.0,379133.0,center4
3395,182612.0,383866.0,center4
3396,178893.0,380507.0,center4
3397,179635.0,376397.0,center4
3398,183905.0,381773.0,center4
3399,178293.0,376698.0,center4
3400,173540.0,380006.0,center4
3401,175924.0,387286.0,center4
3402,180920.0,378715.0,center4
3403,179318.0,380566.0,center4
3404,188701.0,384475.0,center4
3405,175525.0,376359.0,center4
3406,179229.0,383870.0,center4
3407,180127.0,378752.0,center4
3408,175656.0,382186.0,center4
3409,183413.0,378662.0,center4
3410,182353.0,385681.0,center4
3411,184879.0,384242.0,center4
3412,182174.0,378059.0,center4
3413,168773.0,384633.0,center4
3414,176942.0,378815.0,center4
3415,180986.0,382637.0,center4
3416,177423.0,380302.0,center4
3417,180896.0,380074.0,center4
3418,179791.0,386369.0,center4
3419,178269.0,374986.0,center4
3420,180215.0,375247.0,center4
3421,181622.0,382717.0,center4
3422,183615.0,373554.0,center4
3423,177173.0,382303.0,center4
3424,178192.0,383932.0,center4
3425,177721.0,375095.0,center4
3426,182681.0,380166.0,center4
3427,184973.0,378613.0,center4
3428,183338.0,383268.0,center4
3429,184241.0,378432.0,center4
3430,180788.0,382608.0,center4
3431,177465.0,377342.0,center4
3432,182150.0,383605.0,center4
3433,185459.0,381719.0,center4
3434,181600.0,376429.0,center4
3435,182938.0,376672.0,center4
3436,175119.0,379690.0,center4
3437,181806.0,373957.0,center4
3438,179513.0,382833.0,center4
3439,181750.0,384821.0,center4
3440,184038.0,382485.0,center4
3441,177978.0,376187.0,center4
3442,184762.0,381233.0,center4
3443,177017.0,386742.0,center4
3444,180129.0,383970.0,center4
3445,180971.0,381814.0,center4
3446,183374.0,383088.0,center4
3447,178978.0,384125.0,center4
3448,177041.0,380308.0,center4
3449,184480.0,380113.0,center4
3450,181147.0,379266.0,center4
3451,173948.0,379903.0,center4
3452,181012.0,379370.0,center4
3453,174622.0,377058.0,center4
3454,182501.0,377325.0,center4
3455,184387.0,382351.0,center4
3456,179422.0,378164.0,center4
3457,177127.0,376751.0,center4
3458,183880.0,376073.0,center4
3459,178385.0,375517.0,center4
3460,177412.0,381902.0,center4
3461,176010.0,378456.0,center4
3462,175359.0,381484.0,center4
3463,180872.0,383911.0,center4
3464,178951.0,379056.0,center4
3465,182493.0,382532.0,center4
3466,179821.0,389094.0,center4
3467,179337.0,378878.0,center4
3468,174556.0,380864.0,center4
3469,177548.0,378794.0,center4
3470,180330.0,383547.0,center4
3471,178646.0,378605.0,center4
3472,184032.0,379091.0,center4
3473,174209.0,381507.0,center4
3474,179427.0,379874.0,center4
3475,180362.0,377882.0,center4
3476,177716.0,372954.0,center4
3477,180354.0,375606.0,center4
3478,185253.0,378824.0,center4
3479,176678.0,382148.0,center4
3480,178890.0,382088.0,center4
3481,175512.0,381270.0,center4
3482,182302.0,383464.0,center4
3483,176186.0,378991.0,center4
3484,177286.0,380929.0,center4
3485,184500.0,380255.0,center4
3486,182604.0,381674.0,center4
3487,177609.0,379177.0,center4
3488,183215.0,383571.0,center4
3489,177916.0,374878.0,center4
3490,180335.0,387465.0,center4
3491,185801.0,379730.0,center4
3492,187138.0,376837.0,center4
3493,178599.0,376257.0,center4
3494,179905.0,379861.0,center4
3495,183286.0,384425.0,center4
3496,181921.0,377224.0,center4
3497,179263.0,381245.0,center4
3498,179338.0,377336.0,center4
3499,177521.0,382756.0,center4
3500,172815.0,377546.0,center4
3501,179505.0,377441.0,center4
3502,176212.0,386469.0,center4
3503,179279.0,380807.0,center4
3504,187805.0,384897.0,center4
3505,180107.0,383023.0,center4
3506,184774.0,381139.0,center4
3507,176488.0,383907.0,center4
3508,184034.0,380044.0,center4
3509,174708.0,381189.0,center4
3510,179115.0,375023.0,center4
3511,180919.0,376247.0,center4
3512,181961.0,382604.0,center4
3513,179607.0,378847.0,center4
3514,176578.0,378367.0,center4
3515,176149.0,380824.0,center4
3516,177716.0,371500.0,center4
3517,176777.0,378544.0,center4
3518,178169.0,376419.0,center4
3519,176994.0,381186.0,center4
3520,183928.0,380489.0,center4
3521,180854.0,375265.0,center4
3522,180896.0,379777.0,center4
3523,177347.0,379024.0,center4
3524,180875.0,381737.0,center4
3525,181021.0,378133.0,center4
3526,177040.0,375458.0,center4
3527,176240.0,379386.0,center4
3528,173881.0,380965.0,center4
3529,182760.0,381412.0,center4
3530,176799.0,381758.0,center4
3531,180148.0,377067.0,center4
3532,180263.0,377346.0,center4
3533,180288.0,377923.0,center4
3534,177982.0,381740.0,center4
3535,179284.0,380821.0,center4
3536,179029.0,381007.0,center4
3537,184268.0,383628.0,center4
3538,176344.0,381767.0,center4
3539,179349.0,379387.0,center4
3540,183372.0,380846.0,center4
3541,181332.0,387144.0,center4
3542,176559.0,384192.0,center4
3543,182508.0,378840.0,center4
3544,171456.0,373279.0,center4
3545,178442.0,378610.0,center4
3546,184958.0,380918.0,center4
3547,181576.0,373872.0,center4
3548,182503.0,384350.0,center4
3549,179706.0,384436.0,center4
3550,178798.0,379843.0,center4
3551,182201.0,378986.0,center4
3552,187327.0,383097.0,center4
3553,179151.0,382215.0,center4
3554,184544.0,380051.0,center4
3555,178295.0,378079.0,center4
3556,178640.0,380674.0,center4
3557,182058.0,386063.0,center4
3558,177147.0,375137.0,center4
3559,182980.0,385704.0,center4
3560,174677.0,373690.0,center4
3561,172345.0,376601.0,center4
3562,179497.0,381757.0,center4
3563,181040.0,383595.0,center4
3564,184033.0,377686.0,center4
3565,180378.0,379460.0,center4
3566,183018.0,377734.0,center4
3567,180761.0,375227.0,center4
3568,182149.0,383805.0,center4
3569,176936.0,378179.0,center4
3570,179758.0,380072.0,center4
3571,178110.0,386459.0,center4
3572,179251.0,381000.0,center4
3573,187263.0,380644.0,center4
3574,175560.0,381822.0,center4
3575,180108.0,380767.0,center4
3576,178985.0,376103.0,center4
3577,181200.0,382430.0,center4
3578,185669.0,380593.0,center4
3579,182885.0,380008.0,center4
3580,177923.0,382190.0,center4
3581,175466.0,380162.0,center4
3582,182682.0,378544.0,center4
3583,176863.0,375887.0,center4
3584,177738.0,381823.0,center4
3585,181472.0,382625.0,center4
3586,175186.0,380158.0,center4
3587,184921.0,380781.0,center4
3588,180325.0,379750.0,center4
3589,179260.0,379554.0,center4
3590,182555.0,379595.0,center4
3591,182549.0,384766.0,center4
3592,179212.0,383573.0,center4
3593,183486.0,379175.0,center4
3594,181162.0,382444.0,center4
3595,183479.0,378524.0,center4
3596,180833.0,377828.0,center4
3597,179396.0,379555.0,center4
3598,185530.0,381205.0,center4
3599,177523.0,377973.0,center4
3600,182002.0,375672.0,center4
3601,186395.0,383158.0,center4
3602,178693.0,378466.0,center4
3603,182007.0,380273.0,center4
3604,181011.0,381941.0,center4
3605,178899.0,380152.0,center4
3606,179989.0,380070.0,center4
3607,181954.0,381320.0,center4
3608,187363.0,382463.0,center4
3609,182803.0,378466.0,center4
3610,179228.0,381030.0,center4
3611,173760.0,381285.0,center4
3612,180788.0,381189.0,center4
3613,180825.0,375291.0,center4
3614,177497.0,383360.0,center4
3615,183192.0,377046.0,center4
3616,181236.0,386244.0,center4
3617,181856.0,378104.0,center4
3618,178463.0,379155.0,center4
3619,177837.0,383211.0,center4
3620,178522.0,375579.0,center4
3621,176488.0,381108.0,center4
3622,178348.0,382150.0,center4
3623,182298.0,381922.0,center4
3624,172868.0,376999.0,center4
3625,174397.0,380872.0,center4
3626,180084.0,376926.0,center4
3627,181039.0,381044.0,center4
3628,177000.0,377964.0,center4
3629,181696.0,380765.0,center4
3630,183981.0,377831.0,center4
3631,182162.0,381516.0,center4
3632,175056.0,377958.0,center4
3633,177690.0,377089.0,center4
3634,177300.0,372787.0,center4
3635,178929.0,381373.0,center4
3636,177877.0,385258.0,center4
3637,177339.0,377986.0,center4
3638,186040.0,385131.0,center4
3639,178947.0,379314.0,center4
3640,179518.0,377396.0,center4
3641,180906.0,380351.0,center4
3642,174522.0,378168.0,center4
3643,176390.0,381824.0,center4
3644,181486.0,377445.0,center4
3645,181111.0,380518.0,center4
3646,176329.0,380538.0,center4
3647,183560.0,380756.0,center4
3648,179789.0,380880.0,center4
3649,180448.0,378712.0,center4
3650,180346.0,375381.0,center4
3651,178261.0,380890.0,center4
3652,174209.0,376446.0,center4
3653,179586.0,383463.0,center4
3654,175051.0,378536.0,center4
3655,179479.0,382662.0,center4
3656,180656.0,385491.0,center4
3657,180626.0,378995.0,center4
3658,175616.0,377668.0,center4
3659,181159.0,383614.0,center4
3660,176172.0,380614.0,center4
3661,180796.0,380197.0,center4
3662,181907.0,380638.0,center4
3663,185055.0,378180.0,center4
3664,173515.0,382655.0,center4
3665,182622.0,378815.0,center4
3666,179487.0,383442.0,center4
3667,179762.0,378447.0,center4
3668,178222.0,384403.0,center4
3669,180740.0,381009.0,center4
3670,179182.0,370156.0,center4
3671,178043.0,379230.0,center4
3672,178297.0,383794.0,center4
3673,181949.0,379192.0,center4
3674,181555.0,378108.0,center4
3675,183480.0,381760.0,center4
3676,181148.0,384721.0,center4
3677,179539.0,382288.0,center4
3678,176400.0,379996.0,center4
3679,180995.0,381721.0,center4
3680,179030.0,381534.0,center4
3681,180700.0,379503.0,center4
3682,182766.0,381528.0,center4
3683,178441.0,379803.0,center4
3684,178475.0,382055.0,center4
3685,179180.0,381872.0,center4
3686,180672.0,375576.0,center4
3687,186441.0,378923.0,center4
3688,177240.0,375852.0,center4
3689,184237.0,380726.0,center4
3690,179319.0,372765.0,center4
3691,182839.0,379913.0,center4
3692,180189.0,383348.0,center4
3693,178311.0,381204.0,center4
3694,179180.0,384359.0,center4
3695,183032.0,380257.0,center4
3696,184006.0,378708.0,center4
3697,183039.0,374531.0,center4
3698,178217.0,388114.0,center4
3699,175924.0,380507.0,center4
3700,181268.0,383480.0,center4
3701,181670.0,381851.0,center4
3702,172055.0,377987.0,center4
3703,180077.0,379002.0,center4
3704,186627.0,372719.0,center4
3705,179404.0,376774.0,center4
3706,177963.0,378462.0,center4
3707,176813.0,377601.0,center4
3708,174273.0,381717.0,center4
3709,178452.0,381282.0,center4
3710,180953.0,378503.0,center4
3711,176889.0,375961.0,center4
3712,180802.0,382540.0,center4
3713,182492.0,379996.0,center4
3714,178124.0,380864.0,center4
3715,181556.0,381244.0,center4
3716,181788.0,379803.0,center4
3717,179865.0,382240.0,center4
3718,186187.0,381336.0,center4
3719,175977.0,379744.0,center4
3720,180870.0,376737.0,center4
3721,177069.0,379832.0,center4
3722,177718.0,382657.0,center4
3723,181394.0,378853.0,center4
3724,183456.0,381608.0,center4
3725,180538.0,382052.0,center4
3726,184126.0,390892.0,center4
3727,177059.0,377445.0,center4
3728,181069.0,379465.0,center4
3729,178321.0,378479.0,center4
3730,177605.0,374937.0,center4
3731,171678.0,379746.0,center4
3732,182404.0,381264.0,center4
3733,185929.0,379452.0,center4
3734,181580.0,380017.0,center4
3735,184352.0,380113.0,center4
3736,180187.0,379068.0,center4
3737,176109.0,376925.0,center4
3738,177241.0,377461.0,center4
3739,177462.0,376861.0,center4
3740,183486.0,382548.0,center4
3741,178481.0,379767.0,center4
3742,180289.0,381061.0,center4
3743,175784.0,377373.0,center4
3744,179421.0,373126.0,center4
3745,174859.0,379642.0,center4
3746,177779.0,381748.0,center4
3747,182402.0,383838.0,center4
3748,185406.0,374809.0,center4
3749,181535.0,381088.0,center4
3750,180307.0,380530.0,center4
3751,183394.0,380485.0,center4
3752,182302.0,379882.0,center4
3753,172256.0,385344.0,center4
3754,174335.0,375790.0,center4
3755,177365.0,380370.0,center4
3756,177237.0,381114.0,center4
3757,174940.0,373274.0,center4
3758,177855.0,381166.0,center4
3759,177055.0,384293.0,center4
3760,183479.0,379445.0,center4
3761,178071.0,378891.0,center4
3762,175965.0,375015.0,center4
3763,178684.0,380822.0,center4
3764,177834.0,383045.0,center4
3765,180829.0,376127.0,center4
3766,179269.0,375675.0,center4
3767,175302.0,377641.0,center4
3768,181835.0,380486.0,center4
3769,178849.0,383411.0,center4
3770,178103.0,381579.0,center4
3771,177306.0,379472.0,center4
3772,182510.0,377597.0,center4
3773,179656.0,380157.0,center4
3774,175090.0,381204.0,center4
3775,186865.0,378415.0,center4
3776,178919.0,380616.0,center4
3777,180857.0,380936.0,center4
3778,181122.0,384286.0,center4
3779,175868.0,384483.0,center4
3780,183862.0,374524.0,center4
3781,180794.0,383523.0,center4
3782,180454.0,378002.0,center4
3783,184271.0,376298.0,center4
3784,180503.0,378142.0,center4
3785,174554.0,377953.0,center4
3786,179949.0,380978.0,center4
3787,183690.0,379690.0,center4
3788,183835.0,376129.0,center4
3789,180837.0,378988.0,center4
3790,174645.0,373463.0,center4
3791,183467.0,385325.0,center4
3792,179819.0,377957.0,center4
3793,180607.0,382249.0,center4
3794,184052.0,382505.0,center4
3795,181274.0,378068.0,center4
3796,168229.0,374018.0,center4
3797,174739.0,374655.0,center4
3798,177382.0,382277.0,center4
3799,175917.0,379215.0,center4
3800,180485.0,383393.0,center4
3801,180481.0,378576.0,center4
3802,177808.0,370570.0,center4
3803,183698.0,376956.0,center4
3804,177508.0,382254.0,center4
3805,178907.0,380545.0,center4
3806,177890.0,385675.0,center4
3807,177165.0,380807.0,center4
3808,180173.0,374375.0,center4
3809,175591.0,387371.0,center4
3810,179013.0,383277.0,center4
3811,182626.0,375669.0,center4
3812,182573.0,380953.0,center4
3813,173846.0,379245.0,center4
3814,181286.0,377744.0,center4
3815,178552.0,374149.0,center4
3816,181425.0,377163.0,center4
3817,180544.0,380918.0,center4
3818,179000.0,378151.0,center4
3819,179958.0,377299.0,center4
3820,181922.0,380347.0,center4
3821,182296.0,388428.0,center4
3822,177629.0,380536.0,center4
3823,175803.0,382001.0,center4
3824,178675.0,378164.0,center4
3825,183226.0,375422.0,center4
3826,181084.0,376562.0,center4
3827,181246.0,381831.0,center4
3828,178601.0,380012.0,center4
3829,177579.0,379610.0,center4
3830,186568.0,383366.0,center4
3831,179667.0,386515.0,center4
3832,179895.0,383019.0,center4
3833,179134.0,378860.0,center4
3834,180220.0,380970.0,center4
3835,178990.0,382860.0,center4
3836,176698.0,379891.0,center4
3837,181559.0,384792.0,center4
3838,184553.0,384344.0,center4
3839,180585.0,381944.0,center4
3840,177647.0,374868.0,center4
3841,180178.0,376254.0,center4
3842,183226.0,377148.0,center4
3843,185639.0,383860.0,center4
3844,175556.0,379474.0,center4
3845,180361.0,386018.0,center4
3846,178630.0,379484.0,center4
3847,181722.0,380139.0,center4
3848,180534.0,379348.0,center4
3849,178139.0,383854.0,center4
3850,174285.0,382744.0,center4
3851,176160.0,380203.0,center4
3852,178082.0,378234.0,center4
3853,179134.0,378732.0,center4
3854,183718.0,379230.0,center4
3855,178120.0,381955.0,center4
3856,181176.0,383308.0,center4
3857,182864.0,385462.0,center4
3858,180733.0,383340.0,center4
3859,180268.0,376635.0,center4
3860,178069.0,382972.0,center4
3861,182660.0,380664.0,center4
3862,185150.0,378284.0,center4
3863,181504.0,379518.0,center4
3864,180972.0,379643.0,center4
3865,180744.0,380081.0,center4
3866,183270.0,380773.0,center4
3867,178954.0,379469.0,center4
3868,178380.0,378439.0,center4
3869,181682.0,384046.0,center4
3870,179031.0,384456.0,center4
3871,182820.0,381997.0,center4
3872,175371.0,379757.0,center4
3873,184194.0,384894.0,center4
3874,177690.0,378609.0,center4
3875,180754.0,379127.0,center4
3876,178520.0,380031.0,center4
3877,182257.0,383360.0,center4
3878,175517.0,379231.0,center4
3879,176625.0,381391.0,center4
3880,185162.0,380201.0,center4
3881,176916.0,380393.0,center4
3882,177792.0,373555.0,center4
3883,180197.0,384414.0,center4
3884,177474.0,382914.0,center4
3885,180464.0,376711.0,center4
3886,183719.0,372585.0,center4
3887,180217.0,385235.0,center4
3888,185459.0,380732.0,center4
3889,175416.0,382480.0,center4
3890,179100.0,381776.0,center4
3891,177236.0,381025.0,center4
3892,181165.0,383809.0,center4
3893,176010.0,381099.0,center4
3894,174436.0,374079.0,center4
3895,178756.0,382014.0,center4
3896,174260.0,378355.0,center4
3897,177160.0,380326.0,center4
3898,178269.0,380518.0,center4
3899,174718.0,380552.0,center4
3900,181783.0,378424.0,center4
3901,180966.0,378299.0,center4
3902,178017.0,376422.0,center4
3903,175597.0,383011.0,center4
3904,179129.0,380208.0,center4
3905,179469.0,381373.0,center4
3906,173129.0,382569.0,center4
3907,184134.0,376776.0,center4
3908,181377.0,376567.0,center4
3909,174455.0,378891.0,center4
3910,186255.0,382799.0,center4
3911,179514.0,377217.0,center4
3912,175341.0,377169.0,center4
3913,177072.0,381388.0,center4
3914,180831.0,381072.0,center4
3915,175447.0,381298.0,center4
3916,178503.0,382029.0,center4
3917,179679.0,383254.0,center4
3918,178656.0,374401.0,center4
3919,180644.0,380520.0,center4
3920,177748.0,380934.0,center4
3921,179208.0,374567.0,center4
3922,180603.0,380354.0,center4
3923,172979.0,382657.0,center4
3924,173934.0,374608.0,center4
3925,176626.0,379796.0,center4
3926,180253.0,378213.0,center4
3927,180641.0,382289.0,center4
3928,177688.0,376238.0,center4
3929,184150.0,376858.0,center4
3930,183583.0,384432.0,center4
3931,179440.0,381461.0,center4
3932,190516.0,385362.0,center4
3933,178845.0,382613.0,center4
3934,183110.0,382247.0,center4
3935,179801.0,380358.0,center4
3936,174546.0,375296.0,center4
3937,185945.0,380573.0,center4
3938,176637.0,380313.0,center4
3939,180233.0,381617.0,center4
3940,186074.0,377737.0,center4
3941,182032.0,380491.0,center4
3942,181173.0,385523.0,center4
3943,179540.0,378219.0,center4
3944,180775.0,380411.0,center4
3945,185977.0,381157.0,center4
3946,178542.0,376967.0,center4
3947,179299.0,381069.0,center4
3948,178559.0,380522.0,center4
3949,178697.0,372390.0,center4
3950,179455.0,386917.0,center4
3951,181957.0,384523.0,center4
3952,180279.0,383838.0,center4
3953,177594.0,382458.0,center4
3954,185224.0,379445.0,center4
3955,177250.0,375952.0,center4
3956,178955.0,378417.0,center4
3957,180253.0,381607.0,center4
3958,174680.0,385480.0,center4
3959,176809.0,376528.0,center4
3960,175909.0,385467.0,center4
3961,171575.0,375846.0,center4
3962,186745.0,383203.0,center4
3963,177690.0,379540.0,center4
3964,182657.0,374124.0,center4
3965,180054.0,387870.0,center4
3966,176856.0,375889.0,center4
3967,179872.0,377761.0,center4
3968,181280.0,378709.0,center4
3969,176386.0,378457.0,center4
3970,183789.0,381049.0,center4
3971,183785.0,381415.0,center4
3972,179692.0,386552.0,center4
3973,181943.0,384668.0,center4
3974,176146.0,382645.0,center4
3975,181808.0,378112.0,center4
3976,179594.0,383340.0,center4
3977,185087.0,379883.0,center4
3978,176973.0,378789.0,center4
3979,186361.0,382354.0,center4
3980,180064.0,376245.0,center4
3981,181409.0,372573.0,center4
3982,184584.0,379157.0,center4
3983,183488.0,377695.0,center4
3984,177230.0,382408.0,center4
3985,177106.0,378884.0,center4
3986,177107.0,384240.0,center4
3987,183399.0,378689.0,center4
3988,179571.0,381928.0,center4
3989,178594.0,381402.0,center4
3990,180261.0,381260.0,center4
3991,183275.0,377278.0,center4
3992,179498.0,380139.0,center4
3993,180978.0,379700.0,center4
3994,172678.0,377452.0,center4
3995,177889.0,378829.0,center4
3996,176627.0,378142.0,center4
3997,177979.0,378822.0,center4
3998,177590.0,377048.0,center4
3999,178665.0,376028.0,center4
4000,207959.0,343760.0,center0
4001,209086.0,349496.0,center0
4002,213164.0,347898.0,center0
4003,208140.0,357334.0,center0
4004,214925.0,350736.0,center0
4005,205695.0,350751.0,center0
4006,216009.0,351845.0,center0
4007,210562.0,349702.0,center0
4008,203149.0,343560.0,center0
4009,212235.0,356804.0,center0
4010,202963.0,350426.0,center0
4011,211079.0,347609.0,center0
4012,217119.0,349997.0,center0
4013,209475.0,354962.0,center0
4014,211540.0,350642.0,center0
4015,212128.0,350775.0,center0
4016,208814.0,348819.0,center0
4017,212595.0,345461.0,center0
4018,208815.0,347649.0,center0
4019,212778.0,347551.0,center0
4020,206844.0,349909.0,center0
4021,210223.0,350512.0,center0
4022,209081.0,349335.0,center0
4023,207539.0,352054.0,center0
4024,210280.0,348934.0,center0
4025,205340.0,350272.0,center0
4026,204815.0,346751.0,center0
4027,205404.0,346449.0,center0
4028,207460.0,348822.0,center0
4029,212664.0,352861.0,center0
4030,210158.0,350627.0,center0
4031,213946.0,351331.0,center0
4032,213121.0,348078.0,center0
4033,208479.0,347684.0,center0
4034,205697.0,351372.0,center0
4035,210088.0,351410.0,center0
4036,208900.0,345718.0,center0
4037,213871.0,345668.0,center0
4038,207680.0,352965.0,center0
4039,214995.0,350413.0,center0
4040,210804.0,349576.0,center0
4041,211469.0,351339.0,center0
4042,207739.0,349437.0,center0
4043,206788.0,350348.0,center0
4044,209443.0,351417.0,center0
4045,210067.0,344922.0,center0
4046,205380.0,349584.0,center0
4047,210349.0,349916.0,center0
4048,207569.0,351027.0,center0
4049,211332.0,351094.0,center0
4050,213087.0,346397.0,center0
4051,204020.0,349817.0,center0
4052,207705.0,346626.0,center0
4053,209143.0,348800.0,center0
4054,202880.0,349620.0,center0
4055,201797.0,352186.0,center0
4056,204645.0,350927.0,center0
4057,212832.0,351122.0,center0
4058,215118.0,346034.0,center0
4059,207983.0,350148.0,center0
4060,208572.0,353548.0,center0
4061,210562.0,343400.0,center0
4062,212576.0,351712.0,center0
4063,212782.0,342538.0,center0
4064,217925.0,349833.0,center0
4065,211495.0,351403.0,center0
4066,206307.0,344264.0,center0
4067,217332.0,353123.0,center0
4068,206844.0,350324.0,center0
4069,207771.0,352793.0,center0
4070,212869.0,351819.0,center0
4071,210555.0,348653.0,center0
4072,210216.0,351046.0,center0
4073,210019.0,349939.0,center0
4074,205764.0,343634.0,center0
4075,205935.0,350658.0,center0
4076,204698.0,350533.0,center0
4077,212390.0,351574.0,center0
4078,207167.0,350072.0,center0
4079,204515.0,349079.0,center0
4080,211507.0,341698.0,center0
4081,209197.0,354791.0,center0
4082,205879.0,346679.0,center0
4083,210918.0,347825.0,center0
4084,211390.0,352762.0,center0
4085,211592.0,348377.0,center0
4086,208071.0,346663.0,center0
4087,208881.0,351906.0,center0
4088,208634.0,349064.0,center0
4089,210520.0,346523.0,center0
4090,211614.0,355347.0,center0
4091,215195.0,349555.0,center0
4092,208055.0,347370.0,center0
4093,208012.0,345540.0,center0
4094,209442.0,348919.0,center0
4095,213672.0,355254.0,center0
4096,208740.0,351850.0,center0
4097,212936.0,347060.0,center0
4098,207674.0,349132.0,center0
4099,207293.0,352439.0,center0
4100,215734.0,355476.0,center0
4101,212721.0,349864.0,center0
4102,211796.0,347607.0,center0
4103,210021.0,350910.0,center0
4104,208103.0,346251.0,center0
4105,213716.0,353145.0,center0
4106,213577.0,347387.0,center0
4107,204428.0,347487.0,center0
4108,206358.0,343371.0,center0
4109,208835.0,346888.0,center0
4110,214693.0,351281.0,center0
4111,211237.0,353894.0,center0
4112,214135.0,353903.0,center0
4113,208175.0,344743.0,center0
4114,211509.0,349029.0,center0
4115,208035.0,349776.0,center0
4116,204070.0,349361.0,center0
4117,210973.0,350780.0,center0
4118,210123.0,350579.0,center0
4119,207591.0,348121.0,center0
4120,208261.0,349072.0,center0
4121,207535.0,347573.0,center0
4122,211646.0,348010.0,center0
4123,206709.0,352605.0,center0
4124,211872.0,346385.0,center0
4125,209078.0,348773.0,center0
4126,209253.0,346205.0,center0
4127,207227.0,351751.0,center0
4128,207354.0,346309.0,center0
4129,207872.0,344443.0,center0
4130,207092.0,345649.0,center0
4131,207766.0,351493.0,center0
4132,207970.0,356516.0,center0
4133,205194.0,347704.0,center0
4134,204481.0,352044.0,center0
4135,200106.0,354086.0,center0
4136,211726.0,353998.0,center0
4137,206918.0,354770.0,center0
4138,210699.0,348182.0,center0
4139,208753.0,353148.0,center0
4140,212649.0,349496.0,center0
4141,211200.0,345447.0,center0
4142,214679.0,349347.0,center0
4143,210753.0,351191.0,center0
4144,211704.0,355944.0,center0
4145,208802.0,352705.0,center0
4146,207108.0,350505.0,center0
4147,204548.0,352551.0,center0
4148,205664.0,347947.0,center0
4149,215568.0,346433.0,center0
4150,205895.0,347427.0,center0
4151,211619.0,346432.0,center0
4152,210216.0,353113.0,center0
4153,212180.0,349792.0,center0
4154,209292.0,346185.0,center0
4155,209134.0,349261.0,center0
4156,211992.0,347539.0,center0
4157,208998.0,348911.0,center0
4158,210764.0,354558.0,center0
4159,214481.0,355141.0,center0
4160,211958.0,347855.0,center0
4161,208119.0,348634.0,center0
4162,209127.0,351247.0,center0
4163,214480.0,350807.0,center0
4164,204357.0,347828.0,center0
4165,211006.0,353317.0,center0
4166,214891.0,346024.0,center0
4167,210036.0,358017.0,center0
4168,210629.0,348937.0,center0
4169,213055.0,351568.0,center0
4170,217298.0,348508.0,center0
4171,213021.0,347091.0,center0
4172,208211.0,353389.0,center0
4173,210018.0,350123.0,center0
4174,207831.0,350510.0,center0
4175,210034.0,350399.0,center0
4176,202287.0,351420.0,center0
4177,206818.0,355155.0,center0
4178,211770.0,352271.0,center0
4179,211512.0,352314.0,center0
4180,205791.0,353477.0,center0
4181,211619.0,352990.0,center0
4182,210635.0,346445.0,center0
4183,213304.0,349499.0,center0
4184,210632.0,344950.0,center0
4185,207019.0,351532.0,center0
4186,207164.0,355702.0,center0
4187,206087.0,354580.0,center0
4188,210754.0,352973.0,center0
4189,212674.0,347316.0,center0
4190,208655.0,347546.0,center0
4191,208977.0,350463.0,center0
4192,208265.0,349412.0,center0
4193,203042.0,352035.0,center0
4194,206006.0,353736.0,center0
4195,208683.0,349078.0,center0
4196,211034.0,349878.0,center0
4197,207331.0,353179.0,center0
4198,206160.0,351156.0,center0
4199,206502.0,344364.0,center0
4200,212519.0,347699.0,center0
4201,210877.0,347721.0,center0
4202,210454.0,345873.0,center0
4203,212468.0,349676.0,center0
4204,212711.0,350685.0,center0
4205,208022.0,354188.0,center0
4206,204552.0,351677.0,center0
4207,205390.0,353198.0,center0
4208,212849.0,347913.0,center0
4209,211489.0,351162.0,center0
4210,205593.0,354706.0,center0
4211,208689.0,347831.0,center0
4212,209797.0,352098.0,center0
4213,210373.0,354044.0,center0
4214,209807.0,346709.0,center0
4215,207372.0,351273.0,center0
4216,213490.0,347496.0,center0
4217,208419.0,348348.0,center0
4218,206998.0,347604.0,center0
4219,203798.0,347800.0,center0
4220,205966.0,348625.0,center0
4221,218717.0,348238.0,center0
4222,208111.0,347834.0,center0
4223,214691.0,352045.0,center0
4224,208353.0,355091.0,center0
4225,213232.0,345472.0,center0
4226,208121.0,348956.0,center0
4227,207752.0,350850.0,center0
4228,211121.0,351636.0,center0
4229,210505.0,353048.0,center0
4230,212196.0,350633.0,center0
4231,208404.0,344360.0,center0
4232,211766.0,352278.0,center0
4233,207787.0,352605.0,center0
4234,212608.0,348532.0,center0
4235,212098.0,349211.0,center0
4236,210939.0,348260.0,center0
4237,206657.0,349149.0,center0
4238,204782.0,346536.0,center0
4239,208102.0,353548.0,center0
4240,210393.0,346223.0,center0
4241,205140.0,348315.0,center0
4242,211623.0,354324.0,center0
4243,215099.0,351722.0,center0
4244,208513.0,348713.0,center0
4245,209541.0,348613.0,center0
4246,206746.0,350893.0,center0
4247,209815.0,352822.0,center0
4248,207211.0,351980.0,center0
4249,213269.0,355789.0,center0
4250,212435.0,347069.0,center0
4251,210737.0,349507.0,center0
4252,209108.0,343534.0,center0
4253,215156.0,351802.0,center0
4254,203176.0,351628.0,center0
4255,211114.0,350369.0,center0
4256,212124.0,344906.0,center0
4257,210144.0,343527.0,center0
4258,214182.0,356148.0,center0
4259,207524.0,345822.0,center0
4260,210192.0,352965.0,center0
4261,214316.0,349892.0,center0
4262,207168.0,349470.0,center0
4263,213985.0,348478.0,center0
4264,204412.0,351231.0,center0
4265,209276.0,349433.0,center0
4266,214516.0,347090.0,center0
4267,211741.0,349191.0,center0
4268,209984.0,349944.0,center0
4269,210815.0,349665.0,center0
4270,207134.0,351113.0,center0
4271,205267.0,350791.0,center0
4272,203401.0,341429.0,center0
4273,211914.0,347710.0,center0
4274,203924.0,349034.0,center0
4275,211247.0,351617.0,center0
4276,204273.0,351582.0,center0
4277,211589.0,351857.0,center0
4278,210870.0,348890.0,center0
4279,210525.0,354593.0,center0
4280,208794.0,347333.0,center0
4281,213973.0,345768.0,center0
4282,212669.0,351605.0,center0
4283,206092.0,352643.0,center0
4284,208352.0,352889.0,center0
4285,211313.0,351775.0,center0
4286,208801.0,352633.0,center0
4287,213398.0,350837.0,center0
4288,206018.0,354528.0,center0
4289,211659.0,354422.0,center0
4290,212291.0,350520.0,center0
4291,211092.0,352571.0,center0
4292,210782.0,353571.0,center0
4293,205710.0,354290.0,center0
4294,215262.0,350110.0,center0
4295,209557.0,353913.0,center0
4296,205996.0,353040.0,center0
4297,206870.0,352755.0,center0
4298,205428.0,353319.0,center0
4299,207044.0,349367.0,center0
4300,211933.0,352142.0,center0
4301,208956.0,353328.0,center0
4302,210603.0,348669.0,center0
4303,212556.0,346226.0,center0
4304,207890.0,351862.0,center0
4305,212395.0,350872.0,center0
4306,209412.0,351357.0,center0
4307,209063.0,349865.0,center0
4308,211044.0,347441.0,center0
4309,209450.0,351464.0,center0
4310,208169.0,352753.0,center0
4311,215377.0,351455.0,center0
4312,210153.0,349344.0,center0
4313,210069.0,349879.0,center0
4314,208722.0,349155.0,center0
4315,205354.0,345190.0,center0
4316,213958.0,351230.0,center0
4317,206956.0,353037.0,center0
4318,210359.0,350220.0,center0
4319,210179.0,348241.0,center0
4320,213630.0,352448.0,center0
4321,209200.0,353724.0,center0
4322,207412.0,351172.0,center0
4323,208212.0,351374.0,center0
4324,210434.0,350741.0,center0
4325,209397.0,348132.0,center0
4326,205346.0,349951.0,center0
4327,213270.0,353878.0,center0
4328,208485.0,349672.0,center0
4329,217976.0,353020.0,center0
4330,209953.0,349805.0,center0
4331,209195.0,351777.0,center0
4332,210271.0,348078.0,center0
4333,210700.0,346325.0,center0
4334,211732.0,342510.0,center0
4335,218307.0,353134.0,center0
4336,203856.0,350477.0,center0
4337,206799.0,351971.0,center0
4338,207837.0,351581.0,center0
4339,210974.0,344504.0,center0
4340,208812.0,350206.0,center0
4341,211779.0,356266.0,center0
4342,205603.0,352489.0,center0
4343,213652.0,349891.0,center0
4344,210838.0,348611.0,center0
4345,211043.0,348955.0,center0
4346,206110.0,350423.0,center0
4347,208117.0,350395.0,center0
4348,210519.0,347237.0,center0
4349,207579.0,348328.0,center0
4350,212579.0,349367.0,center0
4351,207991.0,353249.0,center0
4352,207506.0,352953.0,center0
4353,211478.0,351100.0,center0
4354,207168.0,345749.0,center0
4355,213067.0,351062.0,center0
4356,205213.0,351986.0,center0
4357,207683.0,349161.0,center0
4358,216433.0,346531.0,center0
4359,207314.0,347323.0,center0
4360,208525.0,352315.0,center0
4361,210878.0,349872.0,center0
4362,211126.0,351318.0,center0
4363,219261.0,351906.0,center0
4364,214426.0,352809.0,center0
4365,208397.0,352851.0,center0
4366,212101.0,351599.0,center0
4367,214495.0,352190.0,center0
4368,209844.0,351140.0,center0
4369,202322.0,345630.0,center0
4370,209029.0,352821.0,center0
4371,205892.0,352886.0,center0
4372,211849.0,351220.0,center0
4373,209657.0,349212.0,center0
4374,213317.0,348545.0,center0
4375,206791.0,344756.0,center0
4376,213648.0,350458.0,center0
4377,206325.0,351543.0,center0
4378,214785.0,353500.0,center0
4379,210568.0,349662.0,center0
4380,213773.0,348859.0,center0
4381,205487.0,354962.0,center0
4382,212731.0,355659.0,center0
4383,208121.0,357338.0,center0
4384,205134.0,346564.0,center0
4385,213991.0,346360.0,center0
4386,211299.0,350642.0,center0
4387,209500.0,351174.0,center0
4388,210722.0,352227.0,center0
4389,208469.0,348299.0,center0
4390,205694.0,348944.0,center0
4391,203322.0,348362.0,center0
4392,204572.0,343256.0,center0
4393,208515.0,347265.0,center0
4394,212125.0,350424.0,center0
4395,209668.0,348659.0,center0
4396,210425.0,352691.0,center0
4397,208563.0,351724.0,center0
4398,210989.0,351040.0,center0
4399,212575.0,352209.0,center0
4400,207643.0,356229.0,center0
4401,205992.0,348807.0,center0
4402,211719.0,358553.0,center0
4403,207963.0,355642.0,center0
4404,202998.0,353279.0,center0
4405,210779.0,343883.0,center0
4406,211891.0,348412.0,center0
4407,212224.0,346078.0,center0
4408,211172.0,350753.0,center0
4409,209749.0,346645.0,center0
4410,210390.0,348655.0,center0
4411,216120.0,355262.0,center0
4412,210146.0,346150.0,center0
4413,208888.0,344078.0,center0
4414,214401.0,348088.0,center0
4415,213659.0,349559.0,center0
4416,215401.0,352692.0,center0
4417,213053.0,350677.0,center0
4418,211766.0,349068.0,center0
4419,214396.0,351178.0,center0
4420,209476.0,346366.0,center0
4421,209081.0,350855.0,center0
4422,207452.0,353007.0,center0
4423,215484.0,350485.0,center0
4424,217427.0,354473.0,center0
4425,213217.0,349275.0,center0
4426,208136.0,353023.0,center0
4427,206195.0,345384.0,center0
4428,207148.0,349857.0,center0
4429,210181.0,351811.0,center0
4430,205932.0,346296.0,center0
4431,205095.0,344864.0,center0
4432,205233.0,347663.0,center0
4433,211422.0,349327.0,center0
4434,203549.0,353624.0,center0
4435,211556.0,346991.0,center0
4436,211338.0,353419.0,center0
4437,206661.0,348850.0,center0
4438,207008.0,347753.0,center0
4439,208169.0,348713.0,center0
4440,207984.0,356520.0,center0
4441,212678.0,348330.0,center0
4442,209546.0,354718.0,center0
4443,207307.0,350000.0,center0
4444,211595.0,348578.0,center0
4445,213099.0,352531.0,center0
4446,204543.0,349831.0,center0
4447,213807.0,350111.0,center0
4448,206744.0,351191.0,center0
4449,203850.0,347887.0,center0
4450,210237.0,356685.0,center0
4451,213576.0,350669.0,center0
4452,213870.0,352925.0,center0
4453,208757.0,353075.0,center0
4454,212181.0,347281.0,center0
4455,209608.0,354594.0,center0
4456,209393.0,353038.0,center0
4457,213638.0,348014.0,center0
4458,210755.0,351068.0,center0
4459,213041.0,347427.0,center0
4460,211549.0,354026.0,center0
4461,207961.0,349712.0,center0
4462,211742.0,353037.0,center0
4463,209512.0,350138.0,center0
4464,206126.0,350456.0,center0
4465,210646.0,348510.0,center0
4466,209977.0,348553.0,center0
4467,208342.0,349243.0,center0
4468,210374.0,357670.0,center0
4469,207320.0,352471.0,center0
4470,216017.0,352369.0,center0
4471,204955.0,351225.0,center0
4472,205129.0,357059.0,center0
4473,213324.0,351771.0,center0
4474,207573.0,351818.0,center0
4475,207978.0,347867.0,center0
4476,207982.0,349739.0,center0
4477,212837.0,347018.0,center0
4478,210375.0,351755.0,center0
4479,211572.0,348051.0,center0
4480,204118.0,353706.0,center0
4481,204365.0,352516.0,center0
4482,210692.0,349861.0,center0
4483,204053.0,348279.0,center0
4484,216009.0,346276.0,center0
4485,211013.0,352778.0,center0
4486,214132.0,353113.0,center0
4487,204395.0,349126.0,center0
4488,211683.0,356788.0,center0
4489,211550.0,352025.0,center0
4490,213621.0,352256.0,center0
4491,208899.0,349963.0,center0
4492,205674.0,351986.0,center0
4493,207730.0,347436.0,center0
4494,208336.0,349531.0,center0
4495,208976.0,346766.0,center0
4496,209326.0,346059.0,center0
4497,210803.0,344298.0,center0
4498,216649.0,355667.0,center0
4499,207355.0,343342.0,center0
4500,207889.0,357199.0,center0
4501,215545.0,352959.0,center0
4502,217801.0,344127.0,center0
4503,207682.0,349484.0,center0
4504,203947.0,352179.0,center0
4505,211568.0,347991.0,center0
4506,207773.0,352281.0,center0
4507,209756.0,346710.0,center0
4508,209684.0,350277.0,center0
4509,211020.0,354896.0,center0
4510,205862.0,350764.0,center0
4511,210750.0,353973.0,center0
4512,208680.0,350074.0,center0
4513,205289.0,347388.0,center0
4514,209551.0,351571.0,center0
4515,206692.0,349838.0,center0
4516,219057.0,357608.0,center0
4517,210159.0,347437.0,center0
4518,209688.0,350280.0,center0
4519,209272.0,345328.0,center0
4520,209628.0,355082.0,center0
4521,213849.0,352463.0,center0
4522,205615.0,354020.0,center0
4523,207572.0,348960.0,center0
4524,213203.0,351738.0,center0
4525,211487.0,354243.0,center0
4526,209389.0,349016.0,center0
4527,214280.0,352219.0,center0
4528,209684.0,345546.0,center0
4529,213001.0,349378.0,center0
4530,209990.0,349623.0,center0
4531,215661.0,348363.0,center0
4532,212621.0,345300.0,center0
4533,212061.0,351111.0,center0
4534,207294.0,350485.0,center0
4535,208607.0,351819.0,center0
4536,211217.0,353169.0,center0
4537,210914.0,347340.0,center0
4538,205489.0,350374.0,center0
4539,210875.0,350544.0,center0
4540,211118.0,353880.0,center0
4541,204414.0,352351.0,center0
4542,206359.0,347170.0,center0
4543,214621.0,344751.0,center0
4544,208279.0,347273.0,center0
4545,206422.0,352754.0,center0
4546,208860.0,349863.0,center0
4547,213948.0,349754.0,center0
4548,211356.0,347943.0,center0
4549,202884.0,347322.0,center0
4550,208257.0,351283.0,center0
4551,204968.0,351882.0,center0
4552,208067.0,351400.0,center0
4553,203992.0,349966.0,center0
4554,212115.0,353890.0,center0
4555,213251.0,349758.0,center0
4556,212673.0,350216.0,center0
4557,213161.0,347234.0,center0
4558,213935.0,351025.0,center0
4559,207424.0,349278.0,center0
4560,208390.0,346630.0,center0
4561,205617.0,351309.0,center0
4562,203783.0,350228.0,center0
4563,207042.0,356191.0,center0
4564,205848.0,351211.0,center0
4565,210169.0,351646.0,center0
4566,208814.0,349326.0,center0
4567,211379.0,346701.0,center0
4568,207047.0,345972.0,center0
4569,211075.0,351172.0,center0
4570,210618.0,354888.0,center0
4571,204815.0,350670.0,center0
4572,203805.0,352380.0,center0
4573,202620.0,347720.0,center0
4574,207929.0,350779.0,center0
4575,210265.0,349196.0,center0
4576,211617.0,347669.0,center0
4577,206855.0,352027.0,center0
4578,208657.0,348983.0,center0
4579,202819.0,339160.0,center0
4580,215636.0,356651.0,center0
4581,207511.0,348811.0,center0
4582,211186.0,351324.0,center0
4583,204930.0,348063.0,center0
4584,208442.0,350337.0,center0
4585,213035.0,349481.0,center0
4586,206168.0,349423.0,center0
4587,211577.0,348789.0,center0
4588,206265.0,346154.0,center0
4589,212047.0,348761.0,center0
4590,211561.0,351082.0,center0
4591,209609.0,349348.0,center0
4592,215673.0,355594.0,center0
4593,204919.0,359231.0,center0
4594,211695.0,347791.0,center0
4595,215631.0,347818.0,center0
4596,210983.0,346785.0,center0
4597,212239.0,347154.0,center0
4598,209413.0,349589.0,center0
4599,212788.0,351366.0,center0
4600,204319.0,349919.0,center0
4601,206421.0,345530.0,center0
4602,206553.0,354456.0,center0
4603,206378.0,352654.0,center0
4604,217569.0,347654.0,center0
4605,215472.0,349801.0,center0
4606,208040.0,348276.0,center0
4607,211397.0,349947.0,center0
4608,204770.0,347464.0,center0
4609,207768.0,347526.0,center0
4610,209076.0,350478.0,center0
4611,210966.0,349144.0,center0
4612,213807.0,350374.0,center0
4613,211952.0,349089.0,center0
4614,209937.0,349538.0,center0
4615,213929.0,351066.0,center0
4616,209418.0,347884.0,center0
4617,212071.0,354567.0,center0
4618,216433.0,352547.0,center0
4619,206300.0,340960.0,center0
4620,209112.0,347826.0,center0
4621,206903.0,351716.0,center0
4622,205040.0,352448.0,center0
4623,213131.0,345825.0,center0
4624,208541.0,355412.0,center0
4625,204619.0,349337.0,center0
4626,206762.0,344948.0,center0
4627,213116.0,348975.0,center0
4628,212045.0,348162.0,center0
4629,210356.0,354977.0,center0
4630,204987.0,342605.0,center0
4631,208354.0,347296.0,center0
4632,206957.0,350913.0,center0
4633,214233.0,352761.0,center0
4634,207905.0,344678.0,center0
4635,212692.0,354574.0,center0
4636,215361.0,346103.0,center0
4637,214229.0,347647.0,center0
4638,211966.0,349106.0,center0
4639,205922.0,352244.0,center0
4640,217349.0,352468.0,center0
4641,205821.0,349598.0,center0
4642,207830.0,352543.0,center0
4643,209948.0,348285.0,center0
4644,212361.0,355183.0,center0
4645,210865.0,350376.0,center0
4646,207460.0,343952.0,center0
4647,206855.0,346841.0,center0
4648,205251.0,346424.0,center0
4649,208794.0,346325.0,center0
4650,209089.0,351988.0,center0
4651,209556.0,346155.0,center0
4652,208795.0,349879.0,center0
4653,211592.0,349777.0,center0
4654,209556.0,347521.0,center0
4655,208145.0,350157.0,center0
4656,209124.0,347702.0,center0
4657,215185.0,356333.0,center0
4658,210206.0,345269.0,center0
4659,213356.0,351170.0,center0
4660,208798.0,348307.0,center0
4661,207782.0,349119.0,center0
4662,214406.0,344996.0,center0
4663,211935.0,352842.0,center0
4664,208092.0,350489.0,center0
4665,214351.0,353882.0,center0
4666,209253.0,351880.0,center0
4667,209790.0,347476.0,center0
4668,209841.0,346140.0,center0
4669,209509.0,348344.0,center0
4670,210897.0,351724.0,center0
4671,205475.0,346071.0,center0
4672,211736.0,349403.0,center0
4673,202231.0,342346.0,center0
4674,209946.0,346897.0,center0
4675,206446.0,351134.0,center0
4676,211446.0,352714.0,center0
4677,206806.0,354057.0,center0
4678,212745.0,351596.0,center0
4679,207778.0,350914.0,center0
4680,207019.0,346624.0,center0
4681,210861.0,343860.0,center0
4682,208848.0,353014.0,center0
4683,208335.0,351526.0,center0
4684,208245.0,351226.0,center0
4685,212679.0,352326.0,center0
4686,208442.0,348466.0,center0
4687,209642.0,353497.0,center0
4688,208115.0,352832.0,center0
4689,209442.0,349036.0,center0
4690,207507.0,347813.0,center0
4691,211631.0,350004.0,center0
4692,210837.0,352189.0,center0
4693,212679.0,353886.0,center0
4694,210801.0,353193.0,center0
4695,211034.0,344148.0,center0
4696,210603.0,350987.0,center0
4697,214893.0,340833.0,center0
4698,209599.0,344929.0,center0
4699,208863.0,347223.0,center0
4700,210885.0,350228.0,center0
4701,208733.0,349692.0,center0
4702,205813.0,349195.0,center0
4703,208117.0,353075.0,center0
4704,208237.0,350193.0,center0
4705,211484.0,352923.0,center0
4706,211683.0,349929.0,center0
4707,209342.0,347057.0,center0
4708,210737.0,346341.0,center0
4709,207183.0,353493.0,center0
4710,209690.0,348660.0,center0
4711,209034.0,351426.0,center0
4712,212190.0,350198.0,center0
4713,212732.0,348625.0,center0
4714,208264.0,351275.0,center0
4715,203896.0,346739.0,center0
4716,210192.0,352915.0,center0
4717,213696.0,354392.0,center0
4718,213524.0,356080.0,center0
4719,211983.0,352325.0,center0
4720,213138.0,353257.0,center0
4721,207055.0,352186.0,center0
4722,206025.0,346430.0,center0
4723,211452.0,349782.0,center0
4724,209513.0,351270.0,center0
4725,206250.0,346029.0,center0
4726,212232.0,349520.0,center0
4727,214365.0,345980.0,center0
4728,210825.0,349257.0,center0
4729,210886.0,350806.0,center0
4730,210393.0,351097.0,center0
4731,207763.0,351927.0,center0
4732,210065.0,353092.0,center0
4733,212705.0,349592.0,center0
4734,206386.0,352663.0,center0
4735,213016.0,353558.0,center0
4736,213972.0,349904.0,center0
4737,209727.0,350321.0,center0
4738,209637.0,352825.0,center0
4739,214335.0,350226.0,center0
4740,211498.0,347863.0,center0
4741,211406.0,348541.0,center0
4742,209526.0,347928.0,center0
4743,207419.0,346331.0,center0
4744,208573.0,353737.0,center0
4745,211321.0,343572.0,center0
4746,207098.0,349420.0,center0
4747,209903.0,350398.0,center0
4748,207672.0,350416.0,center0
4749,205760.0,348904.0,center0
4750,215155.0,345711.0,center0
4751,212750.0,348563.0,center0
4752,209348.0,346701.0,center0
4753,213628.0,352526.0,center0
4754,210263.0,348789.0,center0
4755,211493.0,351646.0,center0
4756,211358.0,349936.0,center0
4757,210955.0,348337.0,center0
4758,210042.0,347690.0,center0
4759,209965.0,345634.0,center0
4760,207713.0,347257.0,center0
4761,213726.0,348449.0,center0
4762,209057.0,349559.0,center0
4763,209868.0,351290.0,center0
4764,206606.0,350385.0,center0
4765,210099.0,352706.0,center0
4766,214744.0,350626.0,center0
4767,206482.0,352868.0,center0
4768,212281.0,349655.0,center0
4769,205368.0,348624.0,center0
4770,211695.0,352734.0,center0
4771,214864.0,351501.0,center0
4772,210392.0,350475.0,center0
4773,206347.0,348216.0,center0
4774,215436.0,350062.0,center0
4775,206680.0,346902.0,center0
4776,207872.0,349181.0,center0
4777,211385.0,350752.0,center0
4778,211186.0,355137.0,center0
4779,209757.0,348585.0,center0
4780,210800.0,348752.0,center0
4781,211383.0,350849.0,center0
4782,209466.0,350407.0,center0
4783,210840.0,350115.0,center0
4784,208828.0,350221.0,center0
4785,208355.0,343387.0,center0
4786,208384.0,353973.0,center0
4787,210250.0,351970.0,center0
4788,206806.0,348361.0,center0
4789,207791.0,347719.0,center0
4790,209619.0,347790.0,center0
4791,211131.0,344829.0,center0
4792,209353.0,349154.0,center0
4793,209992.0,353754.0,center0
4794,208008.0,344881.0,center0
4795,205189.0,344028.0,center0
4796,208091.0,349733.0,center0
4797,208127.0,345571.0,center0
4798,214523.0,349549.0,center0
4799,213239.0,347960.0,center0
4800,211612.0,351520.0,center0
4801,213867.0,349030.0,center0
4802,210259.0,350409.0,center0
4803,208201.0,351143.0,center0
4804,212714.0,351545.0,center0
4805,207855.0,351308.0,center0
4806,207531.0,348830.0,center0
4807,211715.0,342401.0,center0
4808,208161.0,350610.0,center0
4809,206705.0,346747.0,center0
4810,207511.0,351425.0,center0
4811,207985.0,345625.0,center0
4812,205663.0,352788.0,center0
4813,207653.0,346930.0,center0
4814,211667.0,348103.0,center0
4815,216846.0,351937.0,center0
4816,208143.0,357194.0,center0
4817,211893.0,347215.0,center0
4818,215629.0,356193.0,center0
4819,209950.0,351538.0,center0
4820,208800.0,347070.0,center0
4821,210664.0,352471.0,center0
4822,210657.0,350764.0,center0
4823,207399.0,348261.0,center0
4824,210360.0,348661.0,center0
4825,208126.0,343358.0,center0
4826,206530.0,349147.0,center0
4827,210375.0,351707.0,center0
4828,212843.0,351117.0,center0
4829,211890.0,349145.0,center0
4830,210006.0,353352.0,center0
4831,212222.0,348975.0,center0
4832,213413.0,352279.0,center0
4833,209555.0,346313.0,center0
4834,208963.0,349289.0,center0
4835,212250.0,351126.0,center0
4836,209974.0,352267.0,center0
4837,215909.0,350713.0,center0
4838,205902.0,350670.0,center0
4839,205277.0,353480.0,center0
4840,206639.0,353579.0,center0
4841,210439.0,348272.0,center0
4842,209816.0,350720.0,center0
4843,209247.0,354793.0,center0
4844,212960.0,350821.0,center0
4845,209518.0,350051.0,center0
4846,211632.0,354628.0,center0
4847,215146.0,353321.0,center0
4848,213662.0,348299.0,center0
4849,208458.0,349858.0,center0
4850,217020.0,347165.0,center0
4851,213074.0,349525.0,center0
4852,210732.0,352901.0,center0
4853,206633.0,345610.0,center0
4854,215385.0,353753.0,center0
4855,209647.0,348756.0,center0
4856,209640.0,347770.0,center0
4857,210093.0,347698.0,center0
4858,210715.0,343370.0,center0
4859,216997.0,350403.0,center0
4860,214277.0,346803.0,center0
4861,209746.0,344691.0,center0
4862,215026.0,350487.0,center0
4863,208888.0,348040.0,center0
4864,206627.0,348406.0,center0
4865,208559.0,350247.0,center0
4866,208080.0,350325.0,center0
4867,209606.0,348859.0,center0
4868,209783.0,349081.0,center0
4869,212613.0,349010.0,center0
4870,207771.0,348970.0,center0
4871,213163.0,347373.0,center0
4872,209031.0,345789.0,center0
4873,211619.0,346621.0,center0
4874,215814.0,352242.0,center0
4875,210430.0,350060.0,center0
4876,211586.0,352990.0,center0
4877,207806.0,353493.0,center0
4878,210734.0,347670.0,center0
4879,207506.0,346426.0,center0
4880,209457.0,344091.0,center0
4881,207762.0,349112.0,center0
4882,210286.0,352204.0,center0
4883,207214.0,354435.0,center0
4884,212710.0,350510.0,center0
4885,210834.0,348621.0,center0
4886,205944.0,350287.0,center0
4887,203804.0,346795.0,center0
4888,205241.0,349809.0,center0
4889,207047.0,349450.0,center0
4890,209965.0,346100.0,center0
4891,211212.0,349063.0,center0
4892,206174.0,351073.0,center0
4893,204331.0,353916.0,center0
4894,208424.0,351574.0,center0
4895,204595.0,355571.0,center0
4896,209242.0,347742.0,center0
4897,206343.0,350217.0,center0
4898,211406.0,349616.0,center0
4899,207979.0,350262.0,center0
4900,210210.0,346634.0,center0
4901,206949.0,349369.0,center0
4902,215486.0,349556.0,center0
4903,210272.0,348853.0,center0
4904,209124.0,348766.0,center0
4905,205805.0,348768.0,center0
4906,211076.0,350135.0,center0
4907,206539.0,353731.0,center0
4908,206307.0,348438.0,center0
4909,207763.0,349760.0,center0
4910,207896.0,344608.0,center0
4911,208033.0,350389.0,center0
4912,215251.0,350779.0,center0
4913,212050.0,348169.0,center0
4914,214289.0,351594.0,center0
4915,201528.0,348251.0,center0
4916,209125.0,349058.0,center0
4917,209526.0,346399.0,center0
4918,208979.0,352658.0,center0
4919,215213.0,347619.0,center0
4920,208364.0,350176.0,center0
4921,207438.0,350118.0,center0
4922,211006.0,352361.0,center0
4923,206063.0,351932.0,center0
4924,215146.0,346250.0,center0
4925,213193.0,354380.0,center0
4926,217370.0,352541.0,center0
4927,211753.0,347188.0,center0
4928,210647.0,346951.0,center0
4929,213917.0,349103.0,center0
4930,210428.0,348357.0,center0
4931,209938.0,353032.0,center0
4932,207015.0,352907.0,center0
4933,207552.0,350420.0,center0
4934,209883.0,353218.0,center0
4935,212093.0,350555.0,center0
4936,213094.0,354483.0,center0
4937,207929.0,353627.0,center0
4938,208505.0,345859.0,center0
4939,207204.0,352352.0,center0
4940,206052.0,350763.0,center0
4941,210925.0,349401.0,center0
4942,209056.0,352551.0,center0
4943,214225.0,349006.0,center0
4944,208636.0,348083.0,center0
4945,212764.0,352059.0,center0
4946,208382.0,349505.0,center0
4947,211428.0,350444.0,center0
4948,213891.0,353999.0,center0
4949,209413.0,348382.0,center0
4950,210688.0,350829.0,center0
4951,201673.0,351583.0,center0
4952,208509.0,346184.0,center0
4953,210632.0,350387.0,center0
4954,210349.0,349501.0,center0
4955,215256.0,351964.0,center0
4956,211077.0,350932.0,center0
4957,209995.0,350091.0,center0
4958,211651.0,347581.0,center0
4959,205912.0,352497.0,center0
4960,208521.0,354549.0,center0
4961,211570.0,351706.0,center0
4962,209263.0,352586.0,center0
4963,202430.0,349395.0,center0
4964,212287.0,348988.0,center0
4965,205673.0,350136.0,center0
4966,206007.0,344715.0,center0
4967,211346.0,355355.0,center0
4968,209232.0,352851.0,center0
4969,207535.0,343987.0,center0
4970,205005.0,345370.0,center0
4971,208032.0,351614.0,center0
4972,203083.0,348802.0,center0
4973,211122.0,350016.0,center0
4974,209762.0,344935.0,center0
4975,205871.0,349982.0,center0
4976,209376.0,350506.0,center0
4977,219288.0,352927.0,center0
4978,210706.0,345437.0,center0
4979,211260.0,353336.0,center0
4980,215092.0,347169.0,center0
4981,211221.0,350313.0,center0
4982,210031.0,354765.0,center0
4983,210229.0,354206.0,center0
4984,211009.0,351322.0,center0
4985,213386.0,353680.0,center0
4986,210951.0,346469.0,center0
4987,213707.0,352964.0,center0
4988,209654.0,352840.0,center0
4989,212616.0,347023.0,center0
4990,208356.0,350273.0,center0
4991,212698.0,359263.0,center0
4992,206284.0,352655.0,center0
4993,208563.0,353773.0,center0
4994,208400.0,351750.0,center0
4995,215704.0,346927.0,center0
4996,206797.0,343705.0,center0
4997,206078.0,349355.0,center0
4998,210843.0,346888.0,center0
4999,206181.0,345073.0,center0
5000,206679.0,349232.0,center0
5001,211482.0,351508.0,center0
5002,210895.0,357178.0,center0
5003,214241.0,348978.0,center0
5004,211204.0,350405.0,center0
5005,214539.0,358660.0,center0
5006,212529.0,346989.0,center0
5007,215150.0,351311.0,center0
5008,210408.0,349202.0,center0
5009,203407.0,353486.0,center0
5010,207954.0,350147.0,center0
5011,209204.0,353921.0,center0
5012,210602.0,351356.0,center0
5013,208522.0,352237.0,center0
5014,211678.0,344906.0,center0
5015,210774.0,347770.0,center0
5016,216155.0,346452.0,center0
5017,205962.0,344840.0,center0
5018,210024.0,352870.0,center0
5019,208851.0,353170.0,center0
5020,214006.0,349969.0,center0
5021,211701.0,347054.0,center0
5022,212551.0,353541.0,center0
5023,209647.0,355706.0,center0
5024,212887.0,352502.0,center0
5025,214821.0,347895.0,center0
5026,207811.0,348367.0,center0
5027,207146.0,351927.0,center0
5028,210223.0,350218.0,center0
5029,207823.0,353012.0,center0
5030,213892.0,347300.0,center0
5031,209132.0,354747.0,center0
5032,206510.0,348745.0,center0
5033,210257.0,347788.0,center0
5034,207515.0,346055.0,center0
5035,205372.0,352230.0,center0
5036,211255.0,349068.0,center0
5037,208216.0,348959.0,center0
5038,211196.0,348932.0,center0
5039,213701.0,347099.0,center0
5040,209855.0,347757.0,center0
5041,207992.0,349424.0,center0
5042,211048.0,356931.0,center0
5043,212790.0,349094.0,center0
5044,211324.0,352645.0,center0
5045,209872.0,347023.0,center0
5046,209778.0,352725.0,center0
5047,206791.0,352498.0,center0
5048,209577.0,352209.0,center0
5049,209871.0,351156.0,center0
5050,211906.0,344448.0,center0
5051,212474.0,349802.0,center0
5052,210679.0,351960.0,center0
5053,207439.0,344051.0,center0
5054,205619.0,348244.0,center0
5055,210287.0,353797.0,center0
5056,209323.0,350039.0,center0
5057,210477.0,354315.0,center0
5058,202552.0,348191.0,center0
5059,211961.0,354094.0,center0
5060,210982.0,350601.0,center0
5061,209713.0,352105.0,center0
5062,208745.0,345338.0,center0
5063,211881.0,345533.0,center0
5064,210696.0,351606.0,center0
5065,207734.0,348645.0,center0
5066,210037.0,344261.0,center0
5067,206980.0,348272.0,center0
5068,207539.0,348635.0,center0
5069,214834.0,347794.0,center0
5070,204092.0,345486.0,center0
5071,206139.0,350312.0,center0
5072,218381.0,351894.0,center0
5073,210300.0,347505.0,center0
5074,211253.0,354290.0,center0
5075,214293.0,348896.0,center0
5076,203862.0,343154.0,center0
5077,215567.0,350629.0,center0
5078,213353.0,352895.0,center0
5079,206690.0,343699.0,center0
5080,209140.0,355821.0,center0
5081,211381.0,349224.0,center0
5082,207262.0,347137.0,center0
5083,207976.0,350690.0,center0
5084,208358.0,348138.0,center0
5085,209530.0,352941.0,center0
5086,207942.0,353972.0,center0
5087,211896.0,351566.0,center0
5088,210298.0,350012.0,center0
5089,214368.0,345077.0,center0
5090,207613.0,347358.0,center0
5091,213060.0,350375.0,center0
5092,211704.0,343883.0,center0
5093,212034.0,346887.0,center0
5094,209712.0,350442.0,center0
5095,209739.0,346098.0,center0
5096,205778.0,347151.0,center0
5097,213710.0,351319.0,center0
5098,209399.0,350536.0,center0
5099,211251.0,350498.0,center0
5100,212355.0,357916.0,center0
5101,209207.0,352031.0,center0
5102,210523.0,347914.0,center0
5103,208623.0,350015.0,center0
5104,213702.0,354022.0,center0
5105,207125.0,355404.0,center0
5106,214116.0,352566.0,center0
5107,213293.0,347881.0,center0
5108,214665.0,352624.0,center0
5109,210907.0,351879.0,center0
5110,214573.0,352110.0,center0
5111,209810.0,349812.0,center0
5112,209499.0,349264.0,center0
5113,208657.0,350171.0,center0
5114,211438.0,348260.0,center0
5115,208688.0,351739.0,center0
5116,209815.0,349822.0,center0
5117,209199.0,354110.0,center0
5118,209326.0,352279.0,center0
5119,203274.0,350040.0,center0
5120,209255.0,354115.0,center0
5121,204598.0,352192.0,center0
5122,211019.0,351172.0,center0
5123,212340.0,347369.0,center0
5124,207795.0,353972.0,center0
5125,212187.0,349821.0,center0
5126,211353.0,349029.0,center0
5127,210039.0,350099.0,center0
5128,215553.0,353917.0,center0
5129,212440.0,350617.0,center0
5130,209902.0,346414.0,center0
5131,212218.0,349338.0,center0
5132,212055.0,347669.0,center0
5133,215326.0,349677.0,center0
5134,205605.0,345623.0,center0
5135,212305.0,351350.0,center0
5136,210644.0,348980.0,center0
5137,207141.0,346933.0,center0
5138,204756.0,347647.0,center0
5139,207183.0,353716.0,center0
5140,209697.0,346209.0,center0
5141,211292.0,351658.0,center0
5142,212131.0,350745.0,center0
5143,208996.0,346144.0,center0
5144,209269.0,350053.0,center0
5145,212135.0,347302.0,center0
5146,212629.0,352893.0,center0
5147,213802.0,352115.0,center0
5148,203998.0,349032.0,center0
5149,206182.0,346506.0,center0
5150,210905.0,348455.0,center0
5151,213324.0,348765.0,center0
5152,207167.0,350804.0,center0
5153,209083.0,353829.0,center0
5154,208558.0,352243.0,center0
5155,209787.0,348578.0,center0
5156,208568.0,343932.0,center0
5157,212395.0,347924.0,center0
5158,205098.0,350619.0,center0
5159,216392.0,347300.0,center0
5160,205688.0,349553.0,center0
5161,213190.0,354952.0,center0
5162,213660.0,355480.0,center0
5163,209473.0,350501.0,center0
5164,210569.0,355625.0,center0
5165,208581.0,351651.0,center0
5166,212483.0,352479.0,center0
5167,211013.0,351853.0,center0
5168,210730.0,348522.0,center0
5169,212719.0,350889.0,center0
5170,209732.0,351602.0,center0
5171,213799.0,354110.0,center0
5172,209926.0,341902.0,center0
5173,212193.0,347532.0,center0
5174,210243.0,354387.0,center0
5175,211629.0,352214.0,center0
5176,210573.0,350743.0,center0
5177,211862.0,351830.0,center0
5178,208673.0,353590.0,center0
5179,213789.0,347405.0,center0
5180,208932.0,351187.0,center0
5181,211163.0,344198.0,center0
5182,206408.0,350056.0,center0
5183,214366.0,350739.0,center0
5184,212676.0,354232.0,center0
5185,209052.0,347593.0,center0
5186,207197.0,351436.0,center0
5187,208806.0,352888.0,center0
5188,211208.0,347897.0,center0
5189,211357.0,351116.0,center0
5190,212135.0,350367.0,center0
5191,208256.0,349279.0,center0
5192,210132.0,348445.0,center0
5193,209470.0,347863.0,center0
5194,208052.0,346130.0,center0
5195,212646.0,348807.0,center0
5196,211139.0,347188.0,center0
5197,208926.0,349747.0,center0
5198,208739.0,354798.0,center0
5199,209911.0,349059.0,center0
5200,207802.0,352837.0,center0
5201,207173.0,351253.0,center0
5202,209778.0,354227.0,center0
5203,208753.0,349855.0,center0
5204,209078.0,349595.0,center0
5205,211415.0,349665.0,center0
5206,215547.0,346724.0,center0
5207,207420.0,356137.0,center0
5208,215918.0,346102.0,center0
5209,210426.0,349652.0,center0
5210,207861.0,348633.0,center0
5211,212054.0,350437.0,center0
5212,211240.0,345621.0,center0
5213,208288.0,352278.0,center0
5214,210400.0,349904.0,center0
5215,205467.0,348826.0,center0
5216,201901.0,353664.0,center0
5217,210962.0,352219.0,center0
5218,206574.0,355065.0,center0
5219,212007.0,354337.0,center0
5220,211907.0,348469.0,center0
5221,213220.0,349517.0,center0
5222,212043.0,354129.0,center0
5223,212439.0,348931.0,center0
5224,209121.0,349676.0,center0
5225,217086.0,349296.0,center0
5226,210847.0,351398.0,center0
5227,211264.0,353510.0,center0
5228,214173.0,348501.0,center0
5229,206701.0,348091.0,center0
5230,219587.0,353960.0,center0
5231,206154.0,354996.0,center0
5232,214512.0,353448.0,center0
5233,214223.0,346103.0,center0
5234,207889.0,349574.0,center0
5235,203766.0,350366.0,center0
5236,207110.0,349940.0,center0
5237,210506.0,348386.0,center0
5238,211470.0,344622.0,center0
5239,210999.0,353897.0,center0
5240,208511.0,353191.0,center0
5241,209816.0,352257.0,center0
5242,215660.0,349377.0,center0
5243,211358.0,346000.0,center0
5244,209333.0,351769.0,center0
5245,210059.0,347296.0,center0
5246,213026.0,349548.0,center0
5247,208996.0,353832.0,center0
5248,212646.0,353290.0,center0
5249,207460.0,348710.0,center0
5250,207752.0,350928.0,center0
5251,207468.0,347661.0,center0
5252,204256.0,346958.0,center0
5253,214519.0,349829.0,center0
5254,213919.0,346343.0,center0
5255,207834.0,355725.0,center0
5256,211667.0,351752.0,center0
5257,214284.0,348030.0,center0
5258,207296.0,349708.0,center0
5259,206906.0,352713.0,center0
5260,208690.0,349322.0,center0
5261,213087.0,349586.0,center0
5262,210905.0,352538.0,center0
5263,209494.0,354595.0,center0
5264,213483.0,353082.0,center0
5265,206532.0,350081.0,center0
5266,206684.0,351338.0,center0
5267,210060.0,350079.0,center0
5268,211179.0,348707.0,center0
5269,210992.0,348027.0,center0
5270,207015.0,347231.0,center0
5271,208706.0,347206.0,center0
5272,209195.0,349954.0,center0
5273,210600.0,345062.0,center0
5274,210481.0,349645.0,center0
5275,210695.0,345308.0,center0
5276,207641.0,348920.0,center0
5277,211777.0,347282.0,center0
5278,213319.0,350791.0,center0
5279,209371.0,352999.0,center0
5280,208911.0,344605.0,center0
5281,211596.0,347804.0,center0
5282,207385.0,347382.0,center0
5283,215498.0,349100.0,center0
5284,207509.0,349141.0,center0
5285,210071.0,347084.0,center0
5286,207523.0,348946.0,center0
5287,208580.0,352983.0,center0
5288,209507.0,350404.0,center0
5289,213233.0,348753.0,center0
5290,208703.0,350831.0,center0
5291,209898.0,351701.0,center0
5292,209491.0,344359.0,center0
5293,213795.0,349829.0,center0
5294,203642.0,355615.0,center0
5295,211786.0,350359.0,center0
5296,210246.0,350575.0,center0
5297,205390.0,354499.0,center0
5298,210091.0,346218.0,center0
5299,209768.0,352661.0,center0
5300,209914.0,349024.0,center0
5301,211950.0,350975.0,center0
5302,210047.0,351901.0,center0
5303,212184.0,349565.0,center0
5304,215436.0,348542.0,center0
5305,212199.0,352240.0,center0
5306,209618.0,349575.0,center0
5307,207762.0,350118.0,center0
5308,215824.0,352459.0,center0
5309,208793.0,352715.0,center0
5310,213317.0,349551.0,center0
5311,212705.0,347208.0,center0
5312,212138.0,351555.0,center0
5313,211233.0,354247.0,center0
5314,208202.0,347869.0,center0
5315,212433.0,351815.0,center0
5316,209637.0,354414.0,center0
5317,210062.0,349777.0,center0
5318,209897.0,351030.0,center0
5319,208569.0,349510.0,center0
5320,206234.0,346714.0,center0
5321,208677.0,347348.0,center0
5322,213914.0,346519.0,center0
5323,216338.0,350105.0,center0
5324,209874.0,355660.0,center0
5325,212002.0,350936.0,center0
5326,211370.0,355260.0,center0
5327,204769.0,346651.0,center0
5328,210595.0,348488.0,center0
5329,207116.0,355169.0,center0
5330,204967.0,345221.0,center0
5331,207783.0,345676.0,center0
5332,215317.0,356814.0,center0
5333,210288.0,353127.0,center0
5334,206603.0,350400.0,center0
5335,212265.0,350427.0,center0
5336,211555.0,353666.0,center0
5337,209021.0,351948.0,center0
5338,211769.0,352543.0,center0
5339,209101.0,354429.0,center0
5340,205969.0,353643.0,center0
5341,206022.0,350356.0,center0
5342,209568.0,345711.0,center0
5343,206969.0,354009.0,center0
5344,208342.0,346683.0,center0
5345,210168.0,342172.0,center0
5346,210458.0,351242.0,center0
5347,205049.0,349974.0,center0
5348,210990.0,348248.0,center0
5349,209706.0,350440.0,center0
5350,212037.0,354562.0,center0
5351,212705.0,351356.0,center0
5352,205836.0,348679.0,center0
5353,212007.0,350530.0,center0
5354,210498.0,344830.0,center0
5355,214114.0,345727.0,center0
5356,210596.0,346696.0,center0
5357,207664.0,346166.0,center0
5358,203529.0,356299.0,center0
5359,206778.0,351474.0,center0
5360,206180.0,352727.0,center0
5361,210489.0,349139.0,center0
5362,205741.0,347271.0,center0
5363,205576.0,352066.0,center0
5364,210449.0,351333.0,center0
5365,216027.0,349268.0,center0
5366,207256.0,344085.0,center0
5367,204952.0,356066.0,center0
5368,202663.0,355623.0,center0
5369,207199.0,346352.0,center0
5370,211711.0,354097.0,center0
5371,209453.0,349018.0,center0
5372,210069.0,348058.0,center0
5373,212144.0,346947.0,center0
5374,214630.0,349024.0,center0
5375,203904.0,349914.0,center0
5376,208637.0,345349.0,center0
5377,207690.0,350130.0,center0
5378,207850.0,344951.0,center0
5379,201861.0,348646.0,center0
5380,205870.0,346575.0,center0
5381,213798.0,354329.0,center0
5382,212173.0,348007.0,center0
5383,210288.0,349320.0,center0
5384,212256.0,351571.0,center0
5385,205660.0,348913.0,center0
5386,209507.0,348134.0,center0
5387,208822.0,344326.0,center0
5388,212370.0,348997.0,center0
5389,214685.0,354059.0,center0
5390,207236.0,351041.0,center0
5391,213432.0,346695.0,center0
5392,210178.0,353025.0,center0
5393,214045.0,349969.0,center0
5394,213116.0,352639.0,center0
5395,207050.0,350183.0,center0
5396,216056.0,343306.0,center0
5397,205449.0,346190.0,center0
5398,210679.0,355092.0,center0
5399,215002.0,349902.0,center0
5400,205241.0,347599.0,center0
5401,208943.0,350752.0,center0
5402,208776.0,351685.0,center0
5403,210506.0,347763.0,center0
5404,211844.0,351147.0,center0
5405,209100.0,345922.0,center0
5406,211387.0,347989.0,center0
5407,216878.0,348719.0,center0
5408,214916.0,351085.0,center0
5409,215473.0,356578.0,center0
5410,211730.0,352050.0,center0
5411,207818.0,346914.0,center0
5412,211173.0,344836.0,center0
5413,212147.0,347749.0,center0
5414,213269.0,355028.0,center0
5415,212397.0,351881.0,center0
5416,208099.0,346388.0,center0
5417,205916.0,353785.0,center0
5418,205696.0,346909.0,center0
5419,208268.0,349712.0,center0
5420,211602.0,347952.0,center0
5421,214894.0,350449.0,center0
5422,209701.0,347813.0,center0
5423,212920.0,347956.0,center0
5424,206126.0,347276.0,center0
5425,214233.0,356824.0,center0
5426,210243.0,343713.0,center0
5427,213931.0,353612.0,center0
5428,212015.0,348744.0,center0
5429,207957.0,351530.0,center0
5430,206921.0,352947.0,center0
5431,202701.0,344655.0,center0
5432,209637.0,352294.0,center0
5433,209528.0,349151.0,center0
5434,208750.0,346632.0,center0
5435,212892.0,350189.0,center0
5436,209961.0,349707.0,center0
5437,212179.0,351187.0,center0
5438,212406.0,351511.0,center0
5439,210857.0,349125.0,center0
5440,207199.0,352075.0,center0
5441,211815.0,351150.0,center0
5442,208653.0,353874.0,center0
5443,205415.0,354021.0,center0
5444,213080.0,348764.0,center0
5445,217735.0,349903.0,center0
5446,207474.0,353114.0,center0
5447,210051.0,356384.0,center0
5448,213897.0,354472.0,center0
5449,203259.0,349323.0,center0
5450,203916.0,350058.0,center0
5451,209220.0,354986.0,center0
5452,213313.0,346799.0,center0
5453,220713.0,350297.0,center0
5454,220158.0,348524.0,center0
5455,213215.0,354717.0,center0
5456,212027.0,346268.0,center0
5457,208190.0,348179.0,center0
5458,204364.0,349627.0,center0
5459,209691.0,351008.0,center0
5460,210564.0,348807.0,center0
5461,210309.0,346833.0,center0
5462,215240.0,349482.0,center0
5463,210352.0,349010.0,center0
5464,215065.0,346778.0,center0
5465,212435.0,346033.0,center0
5466,212554.0,350897.0,center0
5467,205557.0,351741.0,center0
5468,212511.0,351930.0,center0
5469,212077.0,350207.0,center0
5470,207790.0,347808.0,center0
5471,211210.0,344902.0,center0
5472,211435.0,346968.0,center0
5473,211744.0,348220.0,center0
5474,212286.0,349292.0,center0
5475,213699.0,351135.0,center0
5476,210255.0,350720.0,center0
5477,211717.0,352747.0,center0
5478,210034.0,351075.0,center0
5479,213118.0,345903.0,center0
5480,208111.0,352255.0,center0
5481,213330.0,346922.0,center0
5482,206157.0,348097.0,center0
5483,212797.0,347922.0,center0
5484,209562.0,351901.0,center0
5485,210976.0,344500.0,center0
5486,208917.0,351701.0,center0
5487,209599.0,347554.0,center0
5488,211001.0,347302.0,center0
5489,212745.0,345972.0,center0
5490,212800.0,347544.0,center0
5491,211113.0,346108.0,center0
5492,213967.0,347411.0,center0
5493,211183.0,353679.0,center0
5494,213858.0,349645.0,center0
5495,216001.0,347116.0,center0
5496,206272.0,353200.0,center0
5497,206433.0,351408.0,center0
5498,213950.0,351450.0,center0
5499,209521.0,348090.0,center0
5500,211509.0,352122.0,center0
5501,214949.0,348315.0,center0
5502,207980.0,347181.0,center0
5503,206924.0,347641.0,center0
5504,210286.0,348455.0,center0
5505,210596.0,351578.0,center0
5506,211653.0,352872.0,center0
5507,211596.0,343736.0,center0
5508,205492.0,347966.0,center0
5509,209357.0,345260.0,center0
5510,209239.0,353586.0,center0
5511,202591.0,354189.0,center0
5512,205841.0,347416.0,center0
5513,212441.0,352860.0,center0
5514,206520.0,351279.0,center0
5515,210768.0,351193.0,center0
5516,204437.0,352241.0,center0
5517,210932.0,352359.0,center0
5518,212788.0,350927.0,center0
5519,213611.0,347969.0,center0
5520,208624.0,354546.0,center0
5521,206900.0,346464.0,center0
5522,212480.0,349914.0,center0
5523,209858.0,348843.0,center0
5524,210182.0,353134.0,center0
5525,213886.0,354096.0,center0
5526,215775.0,354629.0,center0
5527,207233.0,354136.0,center0
5528,208453.0,345369.0,center0
5529,210268.0,351161.0,center0
5530,212123.0,350240.0,center0
5531,214244.0,348438.0,center0
5532,211795.0,350752.0,center0
5533,208645.0,348871.0,center0
5534,213170.0,346416.0,center0
5535,211839.0,347646.0,center0
5536,209488.0,346907.0,center0
5537,211878.0,347354.0,center0
5538,210638.0,349641.0,center0
5539,215766.0,351196.0,center0
5540,209207.0,346824.0,center0
5541,214007.0,345511.0,center0
5542,213752.0,347050.0,center0
5543,208314.0,351736.0,center0
5544,212151.0,352926.0,center0
5545,212841.0,345799.0,center0
5546,215178.0,351612.0,center0
5547,205900.0,348155.0,center0
5548,207451.0,346800.0,center0
5549,210509.0,350931.0,center0
5550,202517.0,344865.0,center0
5551,205173.0,345169.0,center0
5552,204282.0,348211.0,center0
5553,212213.0,342906.0,center0
5554,208007.0,347230.0,center0
5555,219493.0,346711.0,center0
5556,212566.0,344625.0,center0
5557,212576.0,347447.0,center0
5558,209494.0,350056.0,center0
5559,209011.0,348886.0,center0
5560,212577.0,357150.0,center0
5561,213731.0,349808.0,center0
5562,214615.0,347639.0,center0
5563,214349.0,352639.0,center0
5564,213455.0,352267.0,center0
5565,209922.0,346996.0,center0
5566,209917.0,349596.0,center0
5567,207220.0,345997.0,center0
5568,209575.0,348759.0,center0
5569,211241.0,349085.0,center0
5570,205600.0,356155.0,center0
5571,208709.0,351981.0,center0
5572,208711.0,346127.0,center0
5573,210296.0,345457.0,center0
5574,208966.0,347622.0,center0
5575,208978.0,350955.0,center0
5576,205861.0,355457.0,center0
5577,206336.0,347676.0,center0
5578,205906.0,349023.0,center0
5579,210975.0,345080.0,center0
5580,211367.0,353915.0,center0
5581,204077.0,351250.0,center0
5582,206447.0,352398.0,center0
5583,208832.0,352177.0,center0
5584,211718.0,343592.0,center0
5585,210661.0,353585.0,center0
5586,212721.0,350053.0,center0
5587,205722.0,347625.0,center0
5588,207925.0,348333.0,center0
5589,205728.0,352986.0,center0
5590,210283.0,356008.0,center0
5591,207424.0,352931.0,center0
5592,212411.0,355933.0,center0
5593,204658.0,347749.0,center0
5594,210255.0,345214.0,center0
5595,203162.0,348073.0,center0
5596,207125.0,346303.0,center0
5597,209751.0,346477.0,center0
5598,211259.0,348931.0,center0
5599,211050.0,345378.0,center0
5600,204441.0,346583.0,center0
5601,211494.0,349791.0,center0
5602,212528.0,350596.0,center0
5603,207475.0,347246.0,center0
5604,213213.0,349475.0,center0
5605,208222.0,349719.0,center0
5606,207319.0,348594.0,center0
5607,210591.0,352259.0,center0
5608,212077.0,347347.0,center0
5609,211462.0,351571.0,center0
5610,210942.0,354818.0,center0
5611,211871.0,355439.0,center0
5612,209018.0,348250.0,center0
5613,212170.0,351791.0,center0
5614,211968.0,347113.0,center0
5615,205066.0,350981.0,center0
5616,208169.0,344556.0,center0
5617,212985.0,344870.0,center0
5618,208857.0,346989.0,center0
5619,208052.0,344032.0,center0
5620,209188.0,351493.0,center0
5621,212936.0,350516.0,center0
5622,206027.0,352712.0,center0
5623,212469.0,351213.0,center0
5624,212530.0,352299.0,center0
5625,211612.0,347056.0,center0
5626,207941.0,352523.0,center0
5627,206430.0,349556.0,center0
5628,212879.0,348218.0,center0
5629,211297.0,353711.0,center0
5630,210386.0,352385.0,center0
5631,210572.0,349467.0,center0
5632,211290.0,350999.0,center0
5633,211157.0,348932.0,center0
5634,213786.0,347714.0,center0
5635,212096.0,350869.0,center0
5636,210277.0,349174.0,center0
5637,213096.0,349083.0,center0
5638,215998.0,351739.0,center0
5639,210797.0,348579.0,center0
5640,213126.0,349284.0,center0
5641,206550.0,354899.0,center0
5642,213634.0,343215.0,center0
5643,208205.0,347410.0,center0
5644,208934.0,345897.0,center0
5645,212163.0,356625.0,center0
5646,208712.0,349064.0,center0
5647,203107.0,354464.0,center0
5648,203722.0,349934.0,center0
5649,205620.0,349756.0,center0
5650,211727.0,346468.0,center0
5651,208425.0,346465.0,center0
5652,208949.0,349672.0,center0
5653,206599.0,347699.0,center0
5654,215940.0,357099.0,center0
5655,209235.0,346328.0,center0
5656,207449.0,354123.0,center0
5657,210817.0,351418.0,center0
5658,205030.0,348431.0,center0
5659,208349.0,346580.0,center0
5660,210313.0,347678.0,center0
5661,216608.0,348526.0,center0
5662,210945.0,345847.0,center0
5663,210991.0,354897.0,center0
5664,212462.0,347683.0,center0
5665,213288.0,346499.0,center0
5666,208307.0,349884.0,center0
5667,211129.0,350176.0,center0
5668,204641.0,345111.0,center0
5669,211501.0,348657.0,center0
5670,206420.0,350407.0,center0
5671,209488.0,353997.0,center0
5672,210652.0,348961.0,center0
5673,207326.0,352633.0,center0
5674,214037.0,345310.0,center0
5675,208370.0,348559.0,center0
5676,208002.0,350341.0,center0
5677,212145.0,342605.0,center0
5678,214170.0,351124.0,center0
5679,210561.0,348094.0,center0
5680,206671.0,346169.0,center0
5681,213295.0,354027.0,center0
5682,207615.0,350688.0,center0
5683,203595.0,346989.0,center0
5684,206857.0,348527.0,center0
5685,214875.0,345952.0,center0
5686,216513.0,347338.0,center0
5687,210682.0,354365.0,center0
5688,210292.0,356340.0,center0
5689,204371.0,351825.0,center0
5690,204319.0,347113.0,center0
5691,212372.0,351318.0,center0
5692,209210.0,348214.0,center0
5693,207532.0,347535.0,center0
5694,208349.0,352945.0,center0
5695,208505.0,356123.0,center0
5696,209608.0,350828.0,center0
5697,206544.0,352747.0,center0
5698,210661.0,347876.0,center0
5699,210880.0,349245.0,center0
5700,212610.0,349195.0,center0
5701,208412.0,354014.0,center0
5702,215024.0,349094.0,center0
5703,208952.0,349969.0,center0
5704,211698.0,352071.0,center0
5705,208554.0,348502.0,center0
5706,215399.0,347620.0,center0
5707,208492.0,349155.0,center0
5708,212935.0,348036.0,center0
5709,208873.0,348177.0,center0
5710,212988.0,353050.0,center0
5711,213451.0,349994.0,center0
5712,209495.0,352533.0,center0
5713,208944.0,345609.0,center0
5714,208223.0,349516.0,center0
5715,209397.0,346028.0,center0
5716,208632.0,349822.0,center0
5717,204054.0,345711.0,center0
5718,209142.0,350926.0,center0
5719,210921.0,352704.0,center0
5720,207620.0,348418.0,center0
5721,207963.0,350315.0,center0
5722,208081.0,352506.0,center0
5723,209874.0,352049.0,center0
5724,207412.0,349887.0,center0
5725,206063.0,344397.0,center0
5726,214880.0,349076.0,center0
5727,208237.0,343559.0,center0
5728,211713.0,348991.0,center0
5729,206294.0,352404.0,center0
5730,216250.0,352115.0,center0
5731,210029.0,357638.0,center0
5732,213684.0,349761.0,center0
5733,212439.0,352470.0,center0
5734,209974.0,350339.0,center0
5735,210995.0,347150.0,center0
5736,208033.0,349902.0,center0
5737,210357.0,348242.0,center0
5738,212706.0,347369.0,center0
5739,208307.0,347934.0,center0
5740,208198.0,349189.0,center0
5741,209352.0,358253.0,center0
5742,212405.0,348576.0,center0
5743,206885.0,347512.0,center0
5744,206676.0,347391.0,center0
5745,209080.0,349904.0,center0
5746,209162.0,353527.0,center0
5747,212182.0,346566.0,center0
5748,213407.0,342617.0,center0
5749,206627.0,349393.0,center0
5750,203977.0,352533.0,center0
5751,205033.0,341906.0,center0
5752,206211.0,352046.0,center0
5753,205923.0,353527.0,center0
5754,209723.0,350521.0,center0
5755,208695.0,343704.0,center0
5756,215076.0,350571.0,center0
5757,212334.0,352009.0,center0
5758,209918.0,352609.0,center0
5759,206083.0,351839.0,center0
5760,210496.0,352357.0,center0
5761,211095.0,353651.0,center0
5762,211406.0,346370.0,center0
5763,208837.0,353139.0,center0
5764,206833.0,344155.0,center0
5765,214958.0,350664.0,center0
5766,208262.0,350855.0,center0
5767,210137.0,353461.0,center0
5768,212193.0,347141.0,center0
5769,210083.0,350581.0,center0
5770,207573.0,353958.0,center0
5771,215172.0,351756.0,center0
5772,201188.0,351496.0,center0
5773,211488.0,350049.0,center0
5774,214762.0,348603.0,center0
5775,209577.0,353126.0,center0
5776,209642.0,351870.0,center0
5777,208047.0,353229.0,center0
5778,217690.0,349341.0,center0
5779,215130.0,350685.0,center0
5780,209894.0,353280.0,center0
5781,209196.0,346569.0,center0
5782,207411.0,351522.0,center0
5783,214862.0,351977.0,center0
5784,204920.0,354377.0,center0
5785,207261.0,355919.0,center0
5786,208614.0,353981.0,center0
5787,206554.0,346114.0,center0
5788,206140.0,344465.0,center0
5789,212237.0,346002.0,center0
5790,209779.0,352258.0,center0
5791,208462.0,348180.0,center0
5792,209188.0,346546.0,center0
5793,209662.0,349374.0,center0
5794,206999.0,349372.0,center0
5795,209332.0,345649.0,center0
5796,207279.0,349806.0,center0
5797,212557.0,346826.0,center0
5798,211547.0,347526.0,center0
5799,208902.0,352731.0,center0
5800,211047.0,348421.0,center0
5801,207307.0,347533.0,center0
5802,208069.0,354526.0,center0
5803,208036.0,353037.0,center0
5804,210655.0,351434.0,center0
5805,210169.0,350998.0,center0
5806,203587.0,346503.0,center0
5807,206900.0,347546.0,center0
5808,208457.0,352317.0,center0
5809,209319.0,350121.0,center0
5810,208376.0,348135.0,center0
5811,212069.0,356722.0,center0
5812,214098.0,348555.0,center0
5813,213185.0,348216.0,center0
5814,211224.0,348566.0,center0
5815,213423.0,342835.0,center0
5816,213740.0,352020.0,center0
5817,211755.0,353502.0,center0
5818,216311.0,352321.0,center0
5819,209200.0,346139.0,center0
5820,211101.0,346195.0,center0
5821,208561.0,352600.0,center0
5822,207990.0,347790.0,center0
5823,206901.0,353322.0,center0
5824,207592.0,346191.0,center0
5825,205941.0,351283.0,center0
5826,209047.0,346873.0,center0
5827,207764.0,348095.0,center0
5828,214924.0,348361.0,center0
5829,211669.0,354107.0,center0
5830,203883.0,351908.0,center0
5831,213696.0,350980.0,center0
5832,208311.0,353882.0,center0
5833,205010.0,346487.0,center0
5834,211680.0,344771.0,center0
5835,213874.0,351760.0,center0
5836,210922.0,350283.0,center0
5837,211277.0,350342.0,center0
5838,207476.0,346835.0,center0
5839,209527.0,352180.0,center0
5840,209689.0,351538.0,center0
5841,209269.0,345766.0,center0
5842,212319.0,350093.0,center0
5843,207556.0,353559.0,center0
5844,208981.0,349607.0,center0
5845,208585.0,356232.0,center0
5846,211312.0,350357.0,center0
5847,213982.0,349623.0,center0
5848,215617.0,346529.0,center0
5849,216614.0,350727.0,center0
5850,206823.0,351562.0,center0
5851,207688.0,355706.0,center0
5852,216141.0,348064.0,center0
5853,211187.0,349457.0,center0
5854,208252.0,350069.0,center0
5855,214431.0,351498.0,center0
5856,205087.0,350862.0,center0
5857,208533.0,354510.0,center0
5858,207035.0,351940.0,center0
5859,213538.0,348592.0,center0
5860,216188.0,358180.0,center0
5861,212346.0,348502.0,center0
5862,214734.0,351810.0,center0
5863,214944.0,355190.0,center0
5864,212203.0,355129.0,center0
5865,208392.0,346665.0,center0
5866,212871.0,349747.0,center0
5867,211044.0,347669.0,center0
5868,206458.0,349207.0,center0
5869,208234.0,349336.0,center0
5870,214730.0,346468.0,center0
5871,206355.0,350828.0,center0
5872,211024.0,351425.0,center0
5873,207592.0,349147.0,center0
5874,211771.0,348774.0,center0
5875,206888.0,348625.0,center0
5876,206026.0,342629.0,center0
5877,210701.0,346378.0,center0
5878,207198.0,346854.0,center0
5879,214140.0,350891.0,center0
5880,211648.0,350867.0,center0
5881,208921.0,348572.0,center0
5882,208904.0,351728.0,center0
5883,203681.0,350162.0,center0
5884,209967.0,352683.0,center0
5885,216906.0,350566.0,center0
5886,210973.0,350395.0,center0
5887,206761.0,351630.0,center0
5888,211058.0,350202.0,center0
5889,212305.0,353597.0,center0
5890,205817.0,347625.0,center0
5891,211666.0,351612.0,center0
5892,214516.0,349980.0,center0
5893,210721.0,351440.0,center0
5894,209050.0,347275.0,center0
5895,206792.0,352191.0,center0
5896,210222.0,342448.0,center0
5897,206803.0,347502.0,center0
5898,208950.0,356705.0,center0
5899,208683.0,355077.0,center0
5900,209850.0,350202.0,center0
5901,211472.0,346972.0,center0
5902,208668.0,348032.0,center0
5903,210220.0,347870.0,center0
5904,204581.0,351223.0,center0
5905,213170.0,355493.0,center0
5906,206865.0,349260.0,center0
5907,209112.0,349745.0,center0
5908,210537.0,349553.0,center0
5909,212830.0,354213.0,center0
5910,207467.0,348867.0,center0
5911,210085.0,351001.0,center0
5912,208141.0,346658.0,center0
5913,206562.0,351972.0,center0
5914,209885.0,346072.0,center0
5915,209461.0,351384.0,center0
5916,209871.0,347038.0,center0
5917,206741.0,359496.0,center0
5918,208373.0,350623.0,center0
5919,211053.0,347551.0,center0
5920,212196.0,349589.0,center0
5921,209145.0,353928.0,center0
5922,216293.0,350679.0,center0
5923,206786.0,344764.0,center0
5924,205761.0,352109.0,center0
5925,215170.0,349892.0,center0
5926,207067.0,346745.0,center0
5927,209402.0,354355.0,center0
5928,206865.0,350306.0,center0
5929,206289.0,346274.0,center0
5930,207554.0,354956.0,center0
5931,209485.0,353443.0,center0
5932,208584.0,345722.0,center0
5933,212742.0,350992.0,center0
5934,208677.0,352325.0,center0
5935,214013.0,348012.0,center0
5936,207399.0,351018.0,center0
5937,205068.0,349126.0,center0
5938,210933.0,349422.0,center0
5939,214175.0,347155.0,center0
5940,209264.0,354161.0,center0
5941,213907.0,351904.0,center0
5942,209230.0,349796.0,center0
5943,207999.0,350430.0,center0
5944,206084.0,354078.0,center0
5945,213386.0,349616.0,center0
5946,205902.0,347418.0,center0
5947,208968.0,351163.0,center0
5948,207536.0,352603.0,center0
5949,207555.0,348547.0,center0
5950,209103.0,345872.0,center0
5951,210453.0,344653.0,center0
5952,210746.0,346512.0,center0
5953,207330.0,354563.0,center0
5954,211078.0,353222.0,center0
5955,211629.0,346480.0,center0
5956,209557.0,349363.0,center0
5957,209281.0,350906.0,center0
5958,206176.0,347536.0,center0
5959,210981.0,351138.0,center0
5960,215206.0,348265.0,center0
5961,212369.0,346737.0,center0
5962,209636.0,346943.0,center0
5963,211823.0,352108.0,center0
5964,210585.0,348700.0,center0
5965,211812.0,348973.0,center0
5966,210390.0,349922.0,center0
5967,210030.0,346933.0,center0
5968,215027.0,348807.0,center0
5969,210390.0,352103.0,center0
5970,212019.0,353328.0,center0
5971,212460.0,350151.0,center0
5972,214196.0,351143.0,center0
5973,209508.0,347514.0,center0
5974,211987.0,348685.0,center0
5975,210207.0,348742.0,center0
5976,208473.0,351495.0,center0
5977,209677.0,349188.0,center0
5978,211911.0,353796.0,center0
5979,207637.0,346549.0,center0
5980,215007.0,351452.0,center0
5981,215957.0,348563.0,center0
5982,207695.0,349853.0,center0
5983,208903.0,350271.0,center0
5984,211460.0,343394.0,center0
5985,211274.0,349473.0,center0
5986,214380.0,348257.0,center0
5987,209774.0,356169.0,center0
5988,215041.0,353796.0,center0
5989,207359.0,349216.0,center0
5990,210254.0,348201.0,center0
5991,211023.0,349419.0,center0
5992,206942.0,350450.0,center0
5993,210187.0,353232.0,center0
5994,209161.0,349632.0,center0
5995,212712.0,352912.0,center0
5996,211726.0,349237.0,center0
5997,215862.0,354220.0,center0
5998,213150.0,348914.0,center0
5999,210325.0,346542.0,center0
6000,451408.0,304435.0,center2
6001,449331.0,302362.0,center2
6002,434794.0,295549.0,center2
6003,434103.0,276164.0,center2
6004,453814.0,287748.0,center2
6005,436957.0,284511.0,center2
6006,441954.0,295230.0,center2
6007,451588.0,275478.0,center2
6008,440330.0,303495.0,center2
6009,430448.0,309617.0,center2
6010,437269.0,285059.0,center2
6011,451578.0,298914.0,center2
6012,432962.0,294831.0,center2
6013,451412.0,295370.0,center2
6014,438419.0,307993.0,center2
6015,430315.0,297650.0,center2
6016,431073.0,294185.0,center2
6017,449095.0,289080.0,center2
6018,443323.0,301083.0,center2
6019,442708.0,302957.0,center2
6020,425177.0,300915.0,center2
6021,451944.0,303651.0,center2
6022,438688.0,307310.0,center2
6023,444161.0,310321.0,center2
6024,453425.0,294242.0,center2
6025,428361.0,300762.0,center2
6026,444286.0,304612.0,center2
6027,426707.0,300399.0,center2
6028,420771.0,303239.0,center2
6029,452900.0,289904.0,center2
6030,440766.0,306249.0,center2
6031,444311.0,295202.0,center2
6032,429948.0,298106.0,center2
6033,443540.0,319516.0,center2
6034,432115.0,299098.0,center2
6035,444838.0,303093.0,center2
6036,431363.0,275182.0,center2
6037,443749.0,308914.0,center2
6038,467224.0,316312.0,center2
6039,448322.0,288526.0,center2
6040,435310.0,297718.0,center2
6041,437649.0,292557.0,center2
6042,424828.0,279786.0,center2
6043,441093.0,286428.0,center2
6044,450577.0,299665.0,center2
6045,451568.0,300326.0,center2
6046,433645.0,306847.0,center2
6047,443676.0,296613.0,center2
6048,443064.0,296700.0,center2
6049,440561.0,315552.0,center2
6050,432945.0,292635.0,center2
6051,432759.0,291845.0,center2
6052,440044.0,305056.0,center2
6053,435813.0,305545.0,center2
6054,435722.0,299619.0,center2
6055,445320.0,300234.0,center2
6056,447144.0,293258.0,center2
6057,439444.0,312236.0,center2
6058,443106.0,302107.0,center2
6059,452482.0,307651.0,center2
6060,434158.0,311158.0,center2
6061,443706.0,307136.0,center2
6062,445008.0,279322.0,center2
6063,437555.0,310760.0,center2
6064,437647.0,294591.0,center2
6065,439804.0,300978.0,center2
6066,432445.0,301628.0,center2
6067,454726.0,283028.0,center2
6068,440051.0,315189.0,center2
6069,432356.0,303017.0,center2
6070,436771.0,306958.0,center2
6071,454578.0,298751.0,center2
6072,422151.0,305040.0,center2
6073,445217.0,299720.0,center2
6074,448515.0,297374.0,center2
6075,447453.0,310713.0,center2
6076,426272.0,299207.0,center2
6077,457920.0,289250.0,center2
6078,436951.0,305651.0,center2
6079,442899.0,292309.0,center2
6080,433808.0,293791.0,center2
6081,439513.0,294491.0,center2
6082,426282.0,311020.0,center2
6083,436347.0,301376.0,center2
6084,431964.0,288819.0,center2
6085,437267.0,296718.0,center2
6086,443401.0,305972.0,center2
6087,440601.0,298220.0,center2
6088,449516.0,295232.0,center2
6089,441073.0,278586.0,center2
6090,412731.0,287774.0,center2
6091,435077.0,299817.0,center2
6092,451179.0,282026.0,center2
6093,450498.0,295321.0,center2
6094,459844.0,295063.0,center2
6095,432581.0,293069.0,center2
6096,453398.0,290719.0,center2
6097,441706.0,308450.0,center2
6098,447070.0,283146.0,center2
6099,443167.0,307288.0,center2
6100,437025.0,406583.0,center7
6101,437285.0,409028.0,center7
6102,446310.0,388359.0,center7
6103,444918.0,394658.0,center7
6104,471224.0,414076.0,center7
6105,426012.0,405917.0,center7
6106,447887.0,420362.0,center7
6107,450954.0,396587.0,center7
6108,446840.0,398303.0,center7
6109,442065.0,397978.0,center7
6110,446232.0,398472.0,center7
6111,412182.0,411246.0,center7
6112,447912.0,410438.0,center7
6113,443752.0,440940.0,center7
6114,449381.0,413551.0,center7
6115,436663.0,378782.0,center7
6116,440638.0,393365.0,center7
6117,439196.0,402696.0,center7
6118,425272.0,392774.0,center7
6119,456244.0,396890.0,center7
6120,419502.0,398891.0,center7
6121,440434.0,395550.0,center7
6122,432510.0,381810.0,center7
6123,447411.0,400313.0,center7
6124,440743.0,390173.0,center7
6125,418281.0,402790.0,center7
6126,453769.0,375038.0,center7
6127,432460.0,401362.0,center7
6128,425564.0,398114.0,center7
6129,432273.0,403563.0,center7
6130,446041.0,394731.0,center7
6131,436472.0,389040.0,center7
6132,412143.0,398087.0,center7
6133,454464.0,402417.0,center7
6134,436629.0,391034.0,center7
6135,449910.0,389150.0,center7
6136,450842.0,395692.0,center7
6137,444614.0,383013.0,center7
6138,440965.0,381719.0,center7
6139,454293.0,381285.0,center7
6140,425649.0,403061.0,center7
6141,433423.0,401663.0,center7
6142,427135.0,400463.0,center7
6143,435285.0,432241.0,center7
6144,425150.0,404357.0,center7
6145,453223.0,406490.0,center7
6146,441708.0,398114.0,center7
6147,445365.0,383826.0,center7
6148,446013.0,413153.0,center7
6149,456858.0,411818.0,center7
6150,433415.0,404454.0,center7
6151,426110.0,379490.0,center7
6152,428834.0,406756.0,center7
6153,445490.0,403420.0,center7
6154,441729.0,421346.0,center7
6155,442797.0,400662.0,center7
6156,442235.0,393106.0,center7
6157,437023.0,390588.0,center7
6158,422795.0,396789.0,center7
6159,441988.0,395642.0,center7
6160,456043.0,410937.0,center7
6161,428154.0,422509.0,center7
6162,450107.0,387839.0,center7
6163,453774.0,398237.0,center7
6164,431592.0,397787.0,center7
6165,439734.0,382128.0,center7
6166,442622.0,401780.0,center7
6167,450995.0,395065.0,center7
6168,450953.0,393997.0,center7
6169,441285.0,411831.0,center7
6170,441361.0,406608.0,center7
6171,434570.0,392674.0,center7
6172,441898.0,408694.0,center7
6173,422319.0,396127.0,center7
6174,445261.0,393861.0,center7
6175,463039.0,400074.0,center7
6176,451260.0,389961.0,center7
6177,425089.0,395800.0,center7
6178,452994.0,394962.0,center7
6179,423359.0,397004.0,center7
6180,452682.0,398918.0,center7
6181,440556.0,419742.0,center7
6182,425084.0,407566.0,center7
6183,429013.0,394981.0,center7
6184,442001.0,409430.0,center7
6185,449611.0,408331.0,center7
6186,432272.0,409459.0,center7
6187,428736.0,400383.0,center7
6188,433333.0,386503.0,center7
6189,447384.0,406279.0,center7
6190,448944.0,403734.0,center7
6191,440782.0,390037.0,center7
6192,454508.0,418867.0,center7
6193,438803.0,396523.0,center7
6194,446259.0,408410.0,center7
6195,430536.0,389744.0,center7
6196,442812.0,414100.0,center7
6197,442343.0,397326.0,center7
6198,435432.0,394646.0,center7
6199,436404.0,408471.0,center7
6200,487658.0,358781.0,center1
6201,507029.0,353531.0,center1
6202,508353.0,350501.0,center1
6203,491213.0,352071.0,center1
6204,514802.0,363319.0,center1
6205,484023.0,352626.0,center1
6206,481628.0,360157.0,center1
6207,477238.0,349535.0,center1
6208,477590.0,328969.0,center1
6209,494217.0,346882.0,center1
6210,485877.0,351288.0,center1
6211,497608.0,343426.0,center1
6212,493057.0,349563.0,center1
6213,483674.0,334895.0,center1
6214,485549.0,343223.0,center1
6215,481435.0,341911.0,center1
6216,492099.0,347739.0,center1
6217,487611.0,354577.0,center1
6218,498273.0,355747.0,center1
6219,459715.0,360163.0,center1
6220,508293.0,360268.0,center1
6221,478759.0,345532.0,center1
6222,498284.0,365430.0,center1
6223,471427.0,350748.0,center1
6224,496603.0,340183.0,center1
6225,477926.0,340449.0,center1
6226,513407.0,340674.0,center1
6227,490364.0,337140.0,center1
6228,490997.0,362968.0,center1
6229,482053.0,347293.0,center1
6230,486179.0,360086.0,center1
6231,490332.0,344869.0,center1
6232,490238.0,364288.0,center1
6233,488266.0,353455.0,center1
6234,476665.0,340422.0,center1
6235,478297.0,357861.0,center1
6236,494321.0,356081.0,center1
6237,494280.0,334449.0,center1
6238,481567.0,335959.0,center1
6239,507296.0,351560.0,center1
6240,490243.0,342981.0,center1
6241,504636.0,344942.0,center1
6242,483030.0,357571.0,center1
6243,506024.0,353145.0,center1
6244,492576.0,360553.0,center1
6245,496542.0,353023.0,center1
6246,477243.0,364459.0,center1
6247,490845.0,346487.0,center1
6248,508804.0,351601.0,center1
6249,490240.0,349365.0,center1
6250,490818.0,351336.0,center1
6251,499413.0,339178.0,center1
6252,497048.0,357025.0,center1
6253,489126.0,343604.0,center1
6254,492993.0,339914.0,center1
6255,497397.0,375702.0,center1
6256,490062.0,339636.0,center1
6257,479795.0,326937.0,center1
6258,501393.0,347197.0,center1
6259,492276.0,341239.0,center1
6260,490692.0,368092.0,center1
6261,501372.0,355195.0,center1
6262,472141.0,352581.0,center1
6263,502093.0,346074.0,center1
6264,491708.0,349434.0,center1
6265,495052.0,331958.0,center1
6266,499546.0,343520.0,center1
6267,474062.0,360848.0,center1
6268,509272.0,338191.0,center1
6269,488654.0,342212.0,center1
6270,467281.0,354885.0,center1
6271,473585.0,353015.0,center1
6272,502727.0,357963.0,center1
6273,491801.0,359322.0,center1
6274,489461.0,346701.0,center1
6275,493113.0,373761.0,center1
6276,480240.0,348534.0,center1
6277,493650.0,358896.0,center1
6278,484899.0,348600.0,center1
6279,492616.0,352620.0,center1
6280,506005.0,335627.0,center1
6281,496315.0,353783.0,center1
6282,504041.0,347182.0,center1
6283,501783.0,335348.0,center1
6284,491003.0,352797.0,center1
6285,488293.0,326823.0,center1
6286,497109.0,353916.0,center1
6287,478321.0,360052.0,center1
6288,488701.0,343806.0,center1
6289,495416.0,354339.0,center1
6290,495568.0,353232.0,center1
6291,483915.0,343269.0,center1
6292,492279.0,350885.0,center1
6293,490076.0,338149.0,center1
6294,478434.0,356756.0,center1
6295,480831.0,359673.0,center1
6296,485663.0,349665.0,center1
6297,500683.0,344816.0,center1
6298,497250.0,369946.0,center1
6299,503243.0,332853.0,center1
6300,554370.0,280085.0,center6
6301,548888.0,292555.0,center6
6302,551269.0,313208.0,center6
6303,553095.0,316844.0,center6
6304,514886.0,315379.0,center6
6305,544704.0,289139.0,center6
6306,540388.0,292369.0,center6
6307,540383.0,298624.0,center6
6308,532754.0,300348.0,center6
6309,523777.0,298863.0,center6
6310,530336.0,307668.0,center6
6311,543725.0,300151.0,center6
6312,540597.0,310372.0,center6
6313,545892.0,303811.0,center6
6314,547818.0,302790.0,center6
6315,528889.0,295172.0,center6
6316,539850.0,304557.0,center6
6317,545048.0,308998.0,center6
6318,531740.0,313521.0,center6
6319,554611.0,305859.0,center6
6320,548784.0,284507.0,center6
6321,536214.0,318465.0,center6
6322,540922.0,294452.0,center6
6323,546208.0,307112.0,center6
6324,533455.0,271530.0,center6
6325,521140.0,324445.0,center6
6326,544295.0,288380.0,center6
6327,540706.0,292970.0,center6
6328,527895.0,296502.0,center6
6329,553645.0,303197.0,center6
6330,545242.0,289462.0,center6
6331,539492.0,309897.0,center6
6332,545696.0,279796.0,center6
6333,540988.0,299732.0,center6
6334,533896.0,300996.0,center6
6335,522865.0,296743.0,center6
6336,535714.0,281762.0,center6
6337,543472.0,303300.0,center6
6338,530151.0,290346.0,center6
6339,529824.0,306461.0,center6
6340,553531.0,297762.0,center6
6341,546819.0,308207.0,center6
6342,547221.0,307236.0,center6
6343,518514.0,302382.0,center6
6344,534491.0,302379.0,center6
6345,552133.0,297675.0,center6
6346,543392.0,307015.0,center6
6347,519554.0,290806.0,center6
6348,548876.0,298655.0,center6
6349,540893.0,298842.0,center6
6350,550526.0,295829.0,center6
6351,522535.0,295709.0,center6
6352,549058.0,294530.0,center6
6353,535731.0,305347.0,center6
6354,544431.0,314609.0,center6
6355,520038.0,310891.0,center6
6356,545301.0,286923.0,center6
6357,516132.0,301077.0,center6
6358,543185.0,303974.0,center6
6359,540057.0,291395.0,center6
6360,540637.0,298416.0,center6
6361,548610.0,306857.0,center6
6362,535979.0,290279.0,center6
6363,535900.0,299644.0,center6
6364,541950.0,309198.0,center6
6365,553941.0,299152.0,center6
6366,535322.0,310550.0,center6
6367,532875.0,304571.0,center6
6368,525552.0,293124.0,center6
6369,555976.0,314920.0,center6
6370,547167.0,301969.0,center6
6371,544190.0,286209.0,center6
6372,554398.0,292296.0,center6
6373,542269.0,289858.0,center6
6374,533150.0,276765.0,center6
6375,536280.0,298849.0,center6
6376,546675.0,302306.0,center6
6377,559639.0,305131.0,center6
6378,547073.0,304750.0,center6
6379,537388.0,304487.0,center6
6380,539936.0,292318.0,center6
6381,544234.0,288982.0,center6
6382,537097.0,303257.0,center6
6383,524532.0,293306.0,center6
6384,532569.0,301168.0,center6
6385,532989.0,294138.0,center6
6386,529223.0,297516.0,center6
6387,534735.0,310598.0,center6
6388,540569.0,293904.0,center6
6389,530296.0,274547.0,center6
6390,537013.0,296093.0,center6
6391,548733.0,301882.0,center6
6392,545013.0,311212.0,center6
6393,544466.0,296806.0,center6
6394,538442.0,299851.0,center6
6395,545005.0,305287.0,center6
6396,532924.0,306096.0,center6
6397,538741.0,310933.0,center6
6398,517210.0,290926.0,center6
6399,543179.0,305521.0,center6
6400,534196.0,386376.0,center5
6401,541048.0,408366.0,center5
6402,553037.0,406494.0,center5
6403,534946.0,391969.0,center5
6404,555333.0,390172.0,center5
6405,539584.0,397442.0,center5
6406,534226.0,398682.0,center5
6407,546850.0,400708.0,center5
6408,529977.0,414907.0,center5
6409,535456.0,414252.0,center5
6410,536539.0,392677.0,center5
6411,531273.0,407619.0,center5
6412,546312.0,409101.0,center5
6413,549760.0,408823.0,center5
6414,533416.0,406238.0,center5
6415,547832.0,404624.0,center5
6416,529740.0,396483.0,center5
6417,545559.0,393562.0,center5
6418,531429.0,402722.0,center5
6419,531377.0,406271.0,center5
6420,550418.0,406706.0,center5
6421,535919.0,385043.0,center5
6422,528276.0,395395.0,center5
6423,540475.0,404657.0,center5
6424,530032.0,399853.0,center5
6425,521562.0,396186.0,center5
6426,536767.0,397643.0,center5
6427,522593.0,390912.0,center5
6428,538412.0,410694.0,center5
6429,516048.0,397263.0,center5
6430,532313.0,388990.0,center5
6431,536473.0,401512.0,center5
6432,536611.0,390248.0,center5
6433,540820.0,402129.0,center5
6434,527942.0,397872.0,center5
6435,541409.0,408787.0,center5
6436,541736.0,386293.0,center5
6437,532908.0,398756.0,center5
6438,575805.0,402781.0,center5
6439,551861.0,392281.0,center5
6440,549251.0,400034.0,center5
6441,540139.0,405467.0,center5
6442,521364.0,388321.0,center5
6443,531415.0,405039.0,center5
6444,533990.0,413526.0,center5
6445,542526.0,400385.0,center5
6446,531922.0,381871.0,center5
6447,542205.0,396276.0,center5
6448,548069.0,416815.0,center5
6449,536788.0,392502.0,center5
6450,527272.0,410149.0,center5
6451,541505.0,396456.0,center5
6452,543753.0,392008.0,center5
6453,525797.0,400407.0,center5
6454,552022.0,396811.0,center5
6455,539591.0,407940.0,center5
6456,533031.0,396667.0,center5
6457,535407.0,385709.0,center5
6458,549198.0,395908.0,center5
6459,540005.0,388075.0,center5
6460,538726.0,415602.0,center5
6461,533333.0,406760.0,center5
6462,543029.0,405597.0,center5
6463,529665.0,410480.0,center5
6464,542037.0,400540.0,center5
6465,574088.0,396603.0,center5
6466,539275.0,378966.0,center5
6467,533775.0,413544.0,center5
6468,548046.0,395971.0,center5
6469,532732.0,404320.0,center5
6470,533786.0,399463.0,center5
6471,537533.0,404514.0,center5
6472,538704.0,397771.0,center5
6473,542195.0,393230.0,center5
6474,544987.0,406896.0,center5
6475,541021.0,414292.0,center5
6476,530942.0,387324.0,center5
6477,536656.0,416927.0,center5
6478,537143.0,418849.0,center5
6479,536990.0,407424.0,center5
6480,553820.0,409909.0,center5
6481,563820.0,391269.0,center5
6482,533923.0,407312.0,center5
6483,540728.0,403946.0,center5
6484,544327.0,413129.0,center5
6485,553387.0,411209.0,center5
6486,541884.0,399822.0,center5
6487,538525.0,405846.0,center5
6488,544441.0,407292.0,center5
6489,526674.0,391209.0,center5
6490,542455.0,407925.0,center5
6491,535823.0,398491.0,center5
6492,523026.0,400514.0,center5
6493,533852.0,409260.0,center5
6494,537049.0,404920.0,center5
6495,538990.0,412773.0,center5
6496,533767.0,393738.0,center5
6497,546754.0,394768.0,center5
6498,541605.0,396515.0,center5
6499,527319.0,397961.0,center5
